drive_id,proveedor,fecha_factura,descripcion_original,categoria,tipo_bebida,marca,formato,contenido,unidades,precio_unitario_eur,importe_eur,iva_pct
1PqX4CkWx4VwG333L9Xrs77ZWoNPTT3VQ,Miguel Merino Distribuciones SL,2026-07-27,RED BULL ENERGY DRINK (24U),bebida,refresco,Red Bull,caja,24U,10.0,29.3,292.96,21.0
1PqX4CkWx4VwG333L9Xrs77ZWoNPTT3VQ,Miguel Merino Distribuciones SL,2026-07-27,"BALLANTINE`S 0,7L(6U)",bebida,alcohol,Ballantine's,botella,70cl,60.0,11.13,667.9,21.0
1PqX4CkWx4VwG333L9Xrs77ZWoNPTT3VQ,Miguel Merino Distribuciones SL,2026-07-27,"HAVANA RON AÑEJO ORIGEN 0,7L(6U)",bebida,alcohol,Havana Club,botella,70cl,36.0,10.03,361.19,21.0
1PqX4CkWx4VwG333L9Xrs77ZWoNPTT3VQ,Miguel Merino Distribuciones SL,2026-07-27,"BARCELO AÑEJO 0,7L(12U)",bebida,alcohol,Ron Barceló,botella,70cl,60.0,11.21,672.59,21.0
1PqX4CkWx4VwG333L9Xrs77ZWoNPTT3VQ,Miguel Merino Distribuciones SL,2026-07-27,"BEEFEATER GIN 0,7L(6U)",bebida,alcohol,Beefeater,botella,70cl,72.0,11.82,851.18,21.0
1PqX4CkWx4VwG333L9Xrs77ZWoNPTT3VQ,Miguel Merino Distribuciones SL,2026-07-27,"ABSOLUT 0,7L(6U)",bebida,alcohol,Absolut,botella,70cl,36.0,11.19,402.84,21.0
1PqX4CkWx4VwG333L9Xrs77ZWoNPTT3VQ,Miguel Merino Distribuciones SL,2026-07-27,"SEAGRAM`S GIN 0,7L(6U)",bebida,alcohol,Seagram's,botella,70cl,24.0,13.18,316.39,21.0
1PqX4CkWx4VwG333L9Xrs77ZWoNPTT3VQ,Miguel Merino Distribuciones SL,2026-07-27,"PUERTO DE INDIAS GIN FRESA 0,7L(6U)",bebida,alcohol,Puerto de Indias,botella,70cl,18.0,14.43,259.74,21.0
1PqX4CkWx4VwG333L9Xrs77ZWoNPTT3VQ,Miguel Merino Distribuciones SL,2026-07-27,"PUERTO DE INDIAS GIN FRESA 0,7L(6U)",bebida,alcohol,Puerto de Indias,botella,70cl,3.0,0.0,0.0,21.0
13nwrvQC__L9yk03a-AJE77Sf_9uJeHYW,Miguel Merino Distribuciones SL,2026-07-27,"BOLD CREW WHISKY 0,7L(6U)",bebida,alcohol,Bold Crew,botella,70cl,5.0,0.0,0.0,21.0
13nwrvQC__L9yk03a-AJE77Sf_9uJeHYW,Miguel Merino Distribuciones SL,2026-07-27,"M&C BRUT IMPERIAL ICE 0,75L(6U)",bebida,vino,Moët & Chandon,botella,75cl,12.0,45.25,543.0,21.0
1FgKMIMBPgqRQyOO5dzXorc9aORT_mBYy,Jamones La Encina (Javier Quintero),2026-07-13,JAMON COCIDO,comida,,,kg,,16.0,2.6,41.6,10.0
13gUAZGBzbySF05ZH9NJ0IZBn5hqj8pfa,Jamones La Encina (Javier Quintero),2026-07-27,QUESO PAYOYO,comida,,Payoyo,kg,,2.15,28.0,60.2,10.0
13gUAZGBzbySF05ZH9NJ0IZBn5hqj8pfa,Jamones La Encina (Javier Quintero),2026-07-27,JAMON COCIDO,comida,,,kg,,2.78,16.0,44.48,10.0
13gUAZGBzbySF05ZH9NJ0IZBn5hqj8pfa,Jamones La Encina (Javier Quintero),2026-07-27,CHICHARRON CADIZ,comida,,,kg,,1.5,16.0,24.0,10.0
13gUAZGBzbySF05ZH9NJ0IZBn5hqj8pfa,Jamones La Encina (Javier Quintero),2026-07-27,CECINA,comida,,,kg,,1.5,45.0,67.5,10.0
18xlN_sG4DS4zHMXPWqxFFt-Ze0qf-es3,Jamones La Encina (Javier Quintero),2026-07-07,CUBO GILDA ANCHOA,comida,,,cubo,,6.0,14.5,87.0,10.0
18xlN_sG4DS4zHMXPWqxFFt-Ze0qf-es3,Jamones La Encina (Javier Quintero),2026-07-07,CECINA BLACK ANGUS (LOTE L455) 03/01/27,comida,,,ud,,4.0,4.4,17.6,10.0
18xlN_sG4DS4zHMXPWqxFFt-Ze0qf-es3,Jamones La Encina (Javier Quintero),2026-07-07,GILDA MIXTA CEBOLLITA,comida,,,ud,,3.0,18.0,54.0,10.0
18xlN_sG4DS4zHMXPWqxFFt-Ze0qf-es3,Jamones La Encina (Javier Quintero),2026-07-07,BANDERILLAS ATUN Y QUESO,comida,,,ud,,6.0,12.5,75.0,10.0
18xlN_sG4DS4zHMXPWqxFFt-Ze0qf-es3,Jamones La Encina (Javier Quintero),2026-07-07,ANCHOAS  R 00,comida,,,ud,,2.0,35.0,70.0,10.0
18xlN_sG4DS4zHMXPWqxFFt-Ze0qf-es3,Jamones La Encina (Javier Quintero),2026-07-07,MOJAMA,comida,,,kg,,0.85,49.0,41.65,10.0
18xlN_sG4DS4zHMXPWqxFFt-Ze0qf-es3,Jamones La Encina (Javier Quintero),2026-07-07,PALETA IBERICA,comida,,,ud,,6.0,12.0,72.0,10.0
18xlN_sG4DS4zHMXPWqxFFt-Ze0qf-es3,Jamones La Encina (Javier Quintero),2026-07-07,CHICHARRON DE CAI,comida,,,ud,,6.0,1.6,9.6,10.0
18xlN_sG4DS4zHMXPWqxFFt-Ze0qf-es3,Jamones La Encina (Javier Quintero),2026-07-07,SARDINAS MENU,comida,,,ud,,4.0,13.0,52.0,10.0
18xlN_sG4DS4zHMXPWqxFFt-Ze0qf-es3,Jamones La Encina (Javier Quintero),2026-07-07,MEJILLONES COCIDOS,comida,,,ud,,2.0,22.7,45.4,10.0
18xlN_sG4DS4zHMXPWqxFFt-Ze0qf-es3,Jamones La Encina (Javier Quintero),2026-07-07,JAMON COCIDO,comida,,,kg,,0.99,16.0,15.84,10.0
18xlN_sG4DS4zHMXPWqxFFt-Ze0qf-es3,Jamones La Encina (Javier Quintero),2026-07-07,QUESO PAYOYO,comida,,Payoyo,kg,,1.46,28.0,40.88,10.0
18xlN_sG4DS4zHMXPWqxFFt-Ze0qf-es3,Jamones La Encina (Javier Quintero),2026-07-07,QURSO AMONTILLADO,comida,,,kg,,1.25,28.0,35.0,10.0
18xlN_sG4DS4zHMXPWqxFFt-Ze0qf-es3,Jamones La Encina (Javier Quintero),2026-07-07,QUESO PIMENTON,comida,,,kg,,1.39,28.0,38.92,10.0
18xlN_sG4DS4zHMXPWqxFFt-Ze0qf-es3,Jamones La Encina (Javier Quintero),2026-07-07,ATUN AHUMADO,comida,,,ud,,3.0,12.5,37.5,10.0
1hlZebkLpTfgbsPXLaWgMSAxgHxZz-5ML,Miguel Merino Distribuciones SL,2026-07-20,"HAVANA RON AÑEJO ORIGEN 0,7L(6U)",bebida,alcohol,Havana Club,botella,70cl,24.0,10.32,247.68,21.0
1hlZebkLpTfgbsPXLaWgMSAxgHxZz-5ML,Miguel Merino Distribuciones SL,2026-07-20,"BALLANTINE`S 0,7L(6U)",bebida,alcohol,Ballantine's,botella,70cl,18.0,11.45,206.1,21.0
1hlZebkLpTfgbsPXLaWgMSAxgHxZz-5ML,Miguel Merino Distribuciones SL,2026-07-20,"SEAGRAM`S GIN 0,7L(6U)",bebida,alcohol,Seagram's,botella,70cl,12.0,13.56,162.72,21.0
1hlZebkLpTfgbsPXLaWgMSAxgHxZz-5ML,Miguel Merino Distribuciones SL,2026-07-20,"ABSOLUT 0,7L(6U)",bebida,alcohol,Absolut,botella,70cl,6.0,11.51,69.06,21.0
1hlZebkLpTfgbsPXLaWgMSAxgHxZz-5ML,Miguel Merino Distribuciones SL,2026-07-20,"BEEFEATER GIN 0,7L(6U)",bebida,alcohol,Beefeater,botella,70cl,24.0,12.16,291.84,21.0
18dLtvoCjQOjFztvrEaVh7YH5keugm4Kw,Miguel Merino Distribuciones SL,2026-07-21,"034851 -12 OLMECA ALTOS REPOSADO TEQUILA 0,7L(6U) 21,64 21,64 -259,68 21",bebida,alcohol,Olmeca Altos,botella,70cl,-12.0,21.64,-259.68,21.0
18dLtvoCjQOjFztvrEaVh7YH5keugm4Kw,Miguel Merino Distribuciones SL,2026-07-21,"034851 12 OLMECA ALTOS REPOSADO TEQUILA 0,7L(6U) 10,37 10,37 124,44 21",bebida,alcohol,Olmeca Altos,botella,70cl,12.0,10.37,124.44,21.0
12G3CEE8bjN9RixJpje6HxQktPsnrEtIg,Miguel Merino Distribuciones SL,2026-07-20,RED BULL ENERGY DRINK (24U),bebida,refresco,Red Bull,caja,24U,6.0,29.3,175.78,21.0
12G3CEE8bjN9RixJpje6HxQktPsnrEtIg,Miguel Merino Distribuciones SL,2026-07-20,"ABSOLUT 0,7L(6U)",bebida,alcohol,Absolut,botella,70cl,24.0,11.51,276.24,21.0
12G3CEE8bjN9RixJpje6HxQktPsnrEtIg,Miguel Merino Distribuciones SL,2026-07-20,"SEAGRAM`S GIN 0,7L(6U)",bebida,alcohol,Seagram's,botella,70cl,24.0,13.56,325.44,21.0
12G3CEE8bjN9RixJpje6HxQktPsnrEtIg,Miguel Merino Distribuciones SL,2026-07-20,"OLMECA ALTOS REPOSADO TEQUILA 0,7L(6U)",bebida,alcohol,Olmeca Altos,botella,70cl,18.0,21.64,389.52,21.0
12G3CEE8bjN9RixJpje6HxQktPsnrEtIg,Miguel Merino Distribuciones SL,2026-07-20,"M&C BRUT IMPERIAL 0,75L(6U)",bebida,vino,Moët & Chandon,botella,75cl,6.0,34.6,207.6,21.0
12G3CEE8bjN9RixJpje6HxQktPsnrEtIg,Miguel Merino Distribuciones SL,2026-07-20,"BALLANTINE`S 0,7L(6U)",bebida,alcohol,Ballantine's,botella,70cl,48.0,11.45,549.6,21.0
12G3CEE8bjN9RixJpje6HxQktPsnrEtIg,Miguel Merino Distribuciones SL,2026-07-20,"BEEFEATER GIN 0,7L(6U)",bebida,alcohol,Beefeater,botella,70cl,42.0,12.16,510.72,21.0
12G3CEE8bjN9RixJpje6HxQktPsnrEtIg,Miguel Merino Distribuciones SL,2026-07-20,"J.WALKER BLACK 0,7L(6U)",bebida,alcohol,Johnnie Walker,botella,70cl,6.0,21.47,128.82,21.0
1SZuGG24DudRVSWBhfyhuHucTRyuzkatT,Miguel Merino Distribuciones SL,2026-07-21,"BALLANTINE`S 0,7L(6U)",bebida,alcohol,Ballantine's,botella,70cl,48.0,11.45,549.6,21.0
1SZuGG24DudRVSWBhfyhuHucTRyuzkatT,Miguel Merino Distribuciones SL,2026-07-21,"BEEFEATER GIN 0,7L(6U)",bebida,alcohol,Beefeater,botella,70cl,60.0,12.16,729.6,21.0
1SZuGG24DudRVSWBhfyhuHucTRyuzkatT,Miguel Merino Distribuciones SL,2026-07-21,"SEAGRAM`S GIN 0,7L(6U)",bebida,alcohol,Seagram's,botella,70cl,24.0,13.56,325.44,21.0
1SZuGG24DudRVSWBhfyhuHucTRyuzkatT,Miguel Merino Distribuciones SL,2026-07-21,"HAVANA RON AÑEJO ORIGEN 0,7L(6U)",bebida,alcohol,Havana Club,botella,70cl,42.0,10.32,433.44,21.0
1SZuGG24DudRVSWBhfyhuHucTRyuzkatT,Miguel Merino Distribuciones SL,2026-07-21,"ABSOLUT 0,7L(6U)",bebida,alcohol,Absolut,botella,70cl,48.0,11.51,552.48,21.0
1SZuGG24DudRVSWBhfyhuHucTRyuzkatT,Miguel Merino Distribuciones SL,2026-07-21,RED BULL ENERGY DRINK (24U),bebida,refresco,Red Bull,caja,24U,5.0,29.3,146.48,21.0
11ZoTYNY4ud-eSjsr9j8geke70qYGFRe_,Miguel Merino Distribuciones SL,2026-07-21,"OLMECA ALTOS REPOSADO TEQUILA 0,7L(6U)",bebida,alcohol,Olmeca Altos,botella,70cl,-6.0,21.64,-129.84,21.0
1GLrfJ18tTCHb-RorWxcoSI1TQjHZiO9q,Miguel Merino Distribuciones SL,2026-07-13,"BALLANTINE`S 0,7L(6U)",bebida,alcohol,Ballantine's,botella,70cl,48.0,11.45,549.6,21.0
1GLrfJ18tTCHb-RorWxcoSI1TQjHZiO9q,Miguel Merino Distribuciones SL,2026-07-13,"BALLANTINES 10 AÑOS 0,7L(6U)",bebida,alcohol,Ballantine's,botella,70cl,2.0,15.15,30.3,21.0
1qnBvM2fxHlk4DrZwe0FLkQky1VsdlJX6,Melgarejo Distribuidores de Bebidas SL,2026-07-07,FIANZA BARRIL 50 L,otros_consumo,,,barril,50L,-1.0,12.02,-12.02,21.0
1qnBvM2fxHlk4DrZwe0FLkQky1VsdlJX6,Melgarejo Distribuidores de Bebidas SL,2026-07-07,BARRIL CRUZCAMPO 50L,bebida,cerveza,Cruzcampo,barril,50L,1.0,168.0,168.0,21.0
1qnBvM2fxHlk4DrZwe0FLkQky1VsdlJX6,Melgarejo Distribuidores de Bebidas SL,2026-07-07,SEVEN FREE RET 200 CC,bebida,refresco,7Up,caja,200cl-bot 200ml retornable,4.0,23.28,65.18,21.0
1qnBvM2fxHlk4DrZwe0FLkQky1VsdlJX6,Melgarejo Distribuidores de Bebidas SL,2026-07-07,PEPSI MAX AXL RET 200CC,bebida,refresco,Pepsi,caja,bot 200ml retornable,4.0,24.96,64.9,21.0
1qnBvM2fxHlk4DrZwe0FLkQky1VsdlJX6,Melgarejo Distribuidores de Bebidas SL,2026-07-07,PEPSI REGULAR AXL RET 200 CC,bebida,refresco,Pepsi,caja,bot 200ml retornable,6.0,24.96,97.34,21.0
1qnBvM2fxHlk4DrZwe0FLkQky1VsdlJX6,Melgarejo Distribuidores de Bebidas SL,2026-07-07,CAJA C/BOT SEVEN-UP 200 CC,otros_consumo,,7Up,caja,envase retornable 200ml,-1.0,4.8,-4.8,21.0
1qnBvM2fxHlk4DrZwe0FLkQky1VsdlJX6,Melgarejo Distribuidores de Bebidas SL,2026-07-07,CAJA C/BOT  PEPSI 200 RET,otros_consumo,,Pepsi,caja,envase retornable 200ml,-3.0,4.8,-14.4,21.0
1qnBvM2fxHlk4DrZwe0FLkQky1VsdlJX6,Melgarejo Distribuidores de Bebidas SL,2026-07-07,CAJA C/BOT  SCHWEPPES 200 RET,otros_consumo,,Schweppes,caja,envase retornable 200ml,-4.0,5.2,-20.8,21.0
1qnBvM2fxHlk4DrZwe0FLkQky1VsdlJX6,Melgarejo Distribuidores de Bebidas SL,2026-07-07,SCH TONICA RET 28X1X200ML,bebida,refresco,Schweppes,caja,28x200ml,6.0,31.92,134.06,21.0
1qnBvM2fxHlk4DrZwe0FLkQky1VsdlJX6,Melgarejo Distribuidores de Bebidas SL,2026-07-07,SCH NARANJA LOW CAL RET 28X1X200,bebida,refresco,Schweppes,caja,28x200ml,4.0,26.04,62.5,21.0
1qnBvM2fxHlk4DrZwe0FLkQky1VsdlJX6,Melgarejo Distribuidores de Bebidas SL,2026-07-07,SCH LIMO LOW RET 28X200ML,bebida,refresco,Schweppes,caja,28x200ml,6.0,26.04,93.74,21.0
1qnBvM2fxHlk4DrZwe0FLkQky1VsdlJX6,Melgarejo Distribuidores de Bebidas SL,2026-07-07,FIANZA BARRIL 50 L,otros_consumo,,,barril,50L,1.0,12.02,12.02,21.0
1qnBvM2fxHlk4DrZwe0FLkQky1VsdlJX6,Melgarejo Distribuidores de Bebidas SL,2026-07-07,CAJA C/BOT SEVEN-UP 200 CC,otros_consumo,,7Up,caja,envase retornable 200ml,4.0,4.8,19.2,21.0
1qnBvM2fxHlk4DrZwe0FLkQky1VsdlJX6,Melgarejo Distribuidores de Bebidas SL,2026-07-07,CAJA C/BOT  PEPSI 200 RET,otros_consumo,,Pepsi,caja,envase retornable 200ml,10.0,4.8,48.0,21.0
1qnBvM2fxHlk4DrZwe0FLkQky1VsdlJX6,Melgarejo Distribuidores de Bebidas SL,2026-07-07,CAJA C/BOT  SCHWEPPES 200 RET,otros_consumo,,Schweppes,caja,envase retornable 200ml,16.0,5.2,83.2,21.0
1LLfVOz84rdHVzDf6gorXhBHwVGMPXdLZ,Makro,2026-07-10,BURRATA 125GX5 LAFUENTE,comida,,Lafuente,pack,5x125g,3.0,8.35,25.05,4.0
14FiJLMSbSWQE3dpYheVPSo_d7wpw8OoP,Makro,2026-07-11,PAN MOLDE SANDWICH MC 1KG,comida,,Makro Chef,bolsa,1kg,3.0,1.55,4.65,4.0
14FiJLMSbSWQE3dpYheVPSo_d7wpw8OoP,Makro,2026-07-11,MANTEQUILLA MC BQ 1KG,comida,,Makro Chef,bloque,1kg,1.0,9.21,9.21,10.0
14FiJLMSbSWQE3dpYheVPSo_d7wpw8OoP,Makro,2026-07-11,QSO VACA AHUM LONC 300G QUESAR,comida,,Quesar,bandeja,300g,2.0,3.39,6.78,4.0
14FiJLMSbSWQE3dpYheVPSo_d7wpw8OoP,Makro,2026-07-11,QSO HAVARTI LONCH ARLA 1KG (D),comida,,Arla,bandeja,1kg,1.0,16.19,16.19,4.0
14FiJLMSbSWQE3dpYheVPSo_d7wpw8OoP,Makro,2026-07-11,QSO CHEDDAR LONCH ROJO MC 1KG,comida,,Makro Chef,bandeja,1kg,1.0,8.4,8.4,4.0
14FiJLMSbSWQE3dpYheVPSo_d7wpw8OoP,Makro,2026-07-11,QSO BRIE BARRA R.PICOT 500G,comida,,Reny Picot,ud,500g,2.0,7.59,15.18,4.0
14FiJLMSbSWQE3dpYheVPSo_d7wpw8OoP,Makro,2026-07-11,GAZPACHO S/GLUTEN PET MC 1L,comida,,Makro Chef,botella,1L,1.0,2.99,2.99,10.0
14FiJLMSbSWQE3dpYheVPSo_d7wpw8OoP,Makro,2026-07-11,FIAMBRE SANDW LONCH 500G ALMIR,comida,,El Pozo,sobre,500g,2.0,2.69,5.38,10.0
14FiJLMSbSWQE3dpYheVPSo_d7wpw8OoP,Makro,2026-07-11,SOBRASADA EXT EL POZO 250G,comida,,El Pozo,tarrina,250g,2.0,1.85,3.7,10.0
14FiJLMSbSWQE3dpYheVPSo_d7wpw8OoP,Makro,2026-07-11,TOMATE C-GG MAD2/3 BJ,comida,,,kg,"1,442 kg",1.442,2.65,3.82,4.0
14FiJLMSbSWQE3dpYheVPSo_d7wpw8OoP,Makro,2026-07-11,PEPINIL.SAND.AGRID.B.CAM.370GN,comida,,,frasco,370g,2.0,3.09,6.18,10.0
14FiJLMSbSWQE3dpYheVPSo_d7wpw8OoP,Makro,2026-07-11,SSA TARTARA TUSCE 1KG,comida,,Tusce,bote,1kg,1.0,7.45,7.45,10.0
14FiJLMSbSWQE3dpYheVPSo_d7wpw8OoP,Makro,2026-07-11,BOLSA CAM REC 65X70 3UG200,otros_consumo,,,bolsa,65x70cm,1.0,0.89,0.89,21.0
14FiJLMSbSWQE3dpYheVPSo_d7wpw8OoP,Makro,2026-07-11,ABREBOTELLAS PLANO ARO 11CM,otros_consumo,,,ud,11cm,1.0,1.95,1.95,21.0
14FiJLMSbSWQE3dpYheVPSo_d7wpw8OoP,Makro,2026-07-11,ABREBOTELLAS ARO 8CM 10 UD,otros_consumo,,,pack,10 ud,1.0,3.95,3.95,21.0
14FiJLMSbSWQE3dpYheVPSo_d7wpw8OoP,Makro,2026-07-11,PINZA HIELO INOX MPRO 18CM X3,otros_consumo,,Metro Professional,pack,3 ud (18cm),2.0,3.95,7.9,21.0
14FiJLMSbSWQE3dpYheVPSo_d7wpw8OoP,Makro,2026-07-11,"CATAVINO SERVICE LINE 15,5CL",otros_consumo,,Service Line,pack,"24x15,5cl",1.0,16.99,16.99,21.0
14FiJLMSbSWQE3dpYheVPSo_d7wpw8OoP,Makro,2026-07-11,"VASO CHUPITO SHOT MPRO 3,4CLX6",otros_consumo,,Metro Professional,pack,"6x3,4cl",2.0,4.65,9.3,21.0
14FiJLMSbSWQE3dpYheVPSo_d7wpw8OoP,Makro,2026-07-11,COPA CAVA AVEIRO MPRO20CLX6,otros_consumo,,Metro Professional,caja,6x20cl,3.0,16.5,49.5,21.0
1DvihecLMfKRrR9WYJq7NJd3kGVc_Rm4Z,Makro,2026-07-07,MIX GOURMET RIOBA 20GX50,comida,,Rioba,caja,50x20g,1.0,7.29,7.29,4.0
1DvihecLMfKRrR9WYJq7NJd3kGVc_Rm4Z,Makro,2026-07-07,"CEBOLLA ROJA MC C-60/80 1 KG (Lote 01465, Origen Netherlands)",comida,,Makro Chef,malla,1 kg,1.0,1.85,1.85,4.0
1DvihecLMfKRrR9WYJq7NJd3kGVc_Rm4Z,Makro,2026-07-07,"CEBOLLA ROJA MC C-60/80 1 KG (Lote 01756, Origen Spain)",comida,,Makro Chef,malla,1 kg,1.0,1.85,1.85,4.0
1DvihecLMfKRrR9WYJq7NJd3kGVc_Rm4Z,Makro,2026-07-07,APIO DEL TERRENO BL 500 GR,comida,,,bolsa,500 g,1.0,1.35,1.35,4.0
1DvihecLMfKRrR9WYJq7NJd3kGVc_Rm4Z,Makro,2026-07-07,GERMINADOS RABANITOS ROSAS 90G,comida,,,bandeja,90 g,2.0,2.39,4.78,4.0
1DvihecLMfKRrR9WYJq7NJd3kGVc_Rm4Z,Makro,2026-07-07,RABANITOS TA 500 GR,comida,,,tarrina,500 g,1.0,2.59,2.59,4.0
1DvihecLMfKRrR9WYJq7NJd3kGVc_Rm4Z,Makro,2026-07-07,CHERRY ATIGRADO MC C-M TA 500G,comida,,Makro Chef,tarrina,500 g,3.0,2.05,6.15,4.0
1DvihecLMfKRrR9WYJq7NJd3kGVc_Rm4Z,Makro,2026-07-07,TOMATE BEEF MC C-GG MAD4/5 BJ,comida,,Makro Chef,kg,"1,188 kg (3,05 EUR/kg)",1.0,3.62,3.62,4.0
1DvihecLMfKRrR9WYJq7NJd3kGVc_Rm4Z,Makro,2026-07-07,TOMATE BEEF MC C-GG MAD4/5 BJ,comida,,Makro Chef,kg,"1,217 kg (3,05 EUR/kg)",1.0,3.71,3.71,4.0
1DvihecLMfKRrR9WYJq7NJd3kGVc_Rm4Z,Makro,2026-07-07,RUCULA SELVATICA MC BL 250G,comida,,Makro Chef,bolsa,250 g,1.0,2.75,2.75,4.0
1DvihecLMfKRrR9WYJq7NJd3kGVc_Rm4Z,Makro,2026-07-07,CANONIGOS MC TA 400G,comida,,Makro Chef,tarrina,400 g,1.0,4.99,4.99,4.0
1DvihecLMfKRrR9WYJq7NJd3kGVc_Rm4Z,Makro,2026-07-07,TOMATE RALLADO MC BT 500 ML,comida,,Makro Chef,bote,500 ml,2.0,3.15,6.3,10.0
1DvihecLMfKRrR9WYJq7NJd3kGVc_Rm4Z,Makro,2026-07-07,GUACAMOLE SUAVE MC TA 1 KG,comida,,Makro Chef,tarrina,1 kg,1.0,7.19,7.19,10.0
1DvihecLMfKRrR9WYJq7NJd3kGVc_Rm4Z,Makro,2026-07-07,LIMON BOTE 1 LITRO,comida,,,bote,1 L,1.0,5.15,5.15,10.0
1DvihecLMfKRrR9WYJq7NJd3kGVc_Rm4Z,Makro,2026-07-07,ENSALAD PMTO PIQ ALSUR 1500GNE,comida,,Alsur,lata,1500 g neto escurrido,2.0,10.75,21.5,10.0
1DvihecLMfKRrR9WYJq7NJd3kGVc_Rm4Z,Makro,2026-07-07,PATATA PARIS BRICKC LT 1650GNE,comida,,,lata,1650 g neto escurrido,1.0,10.05,10.05,10.0
1DvihecLMfKRrR9WYJq7NJd3kGVc_Rm4Z,Makro,2026-07-07,PMTO PIQ 60-80 MC LT 1900GNE,comida,,Makro Chef,lata,1900 g neto escurrido,1.0,11.05,11.05,10.0
1DvihecLMfKRrR9WYJq7NJd3kGVc_Rm4Z,Makro,2026-07-07,PEPINILLO S/ANCH MC FC 1100GNE,comida,,Makro Chef,frasco,1100 g neto escurrido,1.0,7.39,7.39,10.0
1DvihecLMfKRrR9WYJq7NJd3kGVc_Rm4Z,Makro,2026-07-07,ALTRAMUCES SALADITOS BO 810GNE,comida,,,bote,810 g neto escurrido,1.0,2.79,2.79,10.0
1DvihecLMfKRrR9WYJq7NJd3kGVc_Rm4Z,Makro,2026-07-07,PIPARRA MC FR 700GNE,comida,,Makro Chef,frasco,700 g neto escurrido,1.0,11.95,11.95,10.0
1DvihecLMfKRrR9WYJq7NJd3kGVc_Rm4Z,Makro,2026-07-07,CEBOLLITA VINAG. MC FR FR 1100,comida,,Makro Chef,frasco,1100 g,1.0,5.39,5.39,10.0
1DvihecLMfKRrR9WYJq7NJd3kGVc_Rm4Z,Makro,2026-07-07,ACEI.RELL ANCH EXCEL.LT 2000GN,comida,,,lata,2000 g neto,1.0,19.55,19.55,10.0
1DvihecLMfKRrR9WYJq7NJd3kGVc_Rm4Z,Makro,2026-07-07,ACEI MAN FI S-NAT MC LT2500GNE,comida,,Makro Chef,lata,2500 g neto escurrido,1.0,14.54,14.54,10.0
1DvihecLMfKRrR9WYJq7NJd3kGVc_Rm4Z,Makro,2026-07-07,AOVE COOSUR 750ML,comida,,Coosur,botella,750 ml,1.0,6.25,6.25,4.0
1DvihecLMfKRrR9WYJq7NJd3kGVc_Rm4Z,Makro,2026-07-07,WASABI POLVO FANYA 35G,comida,,Fanya,lata,35 g,3.0,2.45,7.35,10.0
1DvihecLMfKRrR9WYJq7NJd3kGVc_Rm4Z,Makro,2026-07-07,SNACK ALGAS SEA FRIEND 5GX3,comida,,Sea Friend,paquete,3x5 g,1.0,2.05,2.05,10.0
1DvihecLMfKRrR9WYJq7NJd3kGVc_Rm4Z,Makro,2026-07-07,MAYOWASABI RIOBA BIBERON 300ML,comida,,Rioba,biberon,300 ml,1.0,2.95,2.95,10.0
1DvihecLMfKRrR9WYJq7NJd3kGVc_Rm4Z,Makro,2026-07-07,"MAYONESA YBARRA 1,8L",comida,,Ybarra,cubo,"1,8 L",1.0,8.89,8.89,10.0
1DvihecLMfKRrR9WYJq7NJd3kGVc_Rm4Z,Makro,2026-07-07,PATATAS FRITAS MADRILEÑA 1KG,comida,,La Madrileña,bolsa,1 kg,3.0,5.43,16.29,10.0
1DvihecLMfKRrR9WYJq7NJd3kGVc_Rm4Z,Makro,2026-07-07,COMPRA MÁS PAGA MENOS (descuento promocional patatas fritas),comida,,,,,1.0,-0.66,-0.66,10.0
1DvihecLMfKRrR9WYJq7NJd3kGVc_Rm4Z,Makro,2026-07-07,B.BAS NEG ARO 85X105 100L 10U,otros_consumo,,Aro,rollo,"4x10 uds, 100L, 85x105 cm",1.0,5.99,5.99,21.0
1DvihecLMfKRrR9WYJq7NJd3kGVc_Rm4Z,Makro,2026-07-07,B.BAS ASEO BCA MPRO 10L 40UD,otros_consumo,,Makro Professional,paquete,"40 uds, 10L",1.0,2.35,2.35,21.0
1DvihecLMfKRrR9WYJq7NJd3kGVc_Rm4Z,Makro,2026-07-07,BOLSA CAM REC 65X70 3UG200,otros_consumo,,,paquete,"65x70 cm, G200",1.0,0.89,0.89,21.0
1DvihecLMfKRrR9WYJq7NJd3kGVc_Rm4Z,Makro,2026-07-07,PAPELERA T/BASCULANTE TH 9L,otros_consumo,,,ud,9L,2.0,6.95,13.9,21.0
1QlBrd7Z_eZ9Q1FOf3K_uuuPJLIyw2cun,Makro,2026-07-08,PAN MOLD TRAMEZZINO MC 1KG,comida,,Makro Chef,paquete,1kg,1.0,6.25,6.25,4.0
1QlBrd7Z_eZ9Q1FOf3K_uuuPJLIyw2cun,Makro,2026-07-08,MOZZ FRSCA 8UD 1KG LAFUENTE,comida,,Lafuente,caja,1kg (8ud),3.0,8.85,26.55,4.0
1QlBrd7Z_eZ9Q1FOf3K_uuuPJLIyw2cun,Makro,2026-07-08,PULLED PORK BBQ BL 550G TULIP,comida,,Tulip,bolsa,550g,3.0,7.75,23.25,10.0
1QlBrd7Z_eZ9Q1FOf3K_uuuPJLIyw2cun,Makro,2026-07-08,ZURRAPA LOMO ICARBEN TA 500G,comida,,Icarben,tarro,500g,3.0,5.55,16.65,10.0
1QlBrd7Z_eZ9Q1FOf3K_uuuPJLIyw2cun,Makro,2026-07-08,SERV MPRO 20X20CM NEGRO 150UD,otros_consumo,,Metro Professional,paquete,150ud (20x20cm),2.0,1.95,3.9,21.0
1QlBrd7Z_eZ9Q1FOf3K_uuuPJLIyw2cun,Makro,2026-07-08,BOWL ENSALADERA MPRO 7CM,otros_consumo,,Metro Professional,caja,6ud (7cm),3.0,6.95,20.85,21.0
1QlBrd7Z_eZ9Q1FOf3K_uuuPJLIyw2cun,Makro,2026-07-08,BOWL ENSALADERA MPRO 9CM,otros_consumo,,Metro Professional,caja,6ud (9cm),2.0,8.15,16.3,21.0
1QlBrd7Z_eZ9Q1FOf3K_uuuPJLIyw2cun,Makro,2026-07-08,BOWL ENSALADERA MPRO 12CM,otros_consumo,,Metro Professional,caja,6ud (12cm),2.0,10.55,21.1,21.0
1QlBrd7Z_eZ9Q1FOf3K_uuuPJLIyw2cun,Makro,2026-07-08,CUBETA MANUTENCION BCA 35L,otros_consumo,,,ud,35L,2.0,25.0,50.0,21.0
1QlBrd7Z_eZ9Q1FOf3K_uuuPJLIyw2cun,Makro,2026-07-08,CUBETA RECTAN S/TAPA MPRO 35L,otros_consumo,,Metro Professional,ud,35L,1.0,14.29,14.29,21.0
1QlBrd7Z_eZ9Q1FOf3K_uuuPJLIyw2cun,Makro,2026-07-08,FUENT MACA BCO MPRO 30X20CMX6,otros_consumo,,Metro Professional,pack,6ud (30x20cm),2.0,23.95,47.9,21.0
1QlBrd7Z_eZ9Q1FOf3K_uuuPJLIyw2cun,Makro,2026-07-08,FUENTE MODERN 21X17 MPRO X6,otros_consumo,,Metro Professional,pack,6ud (21x17cm),2.0,16.95,33.9,21.0
1QlBrd7Z_eZ9Q1FOf3K_uuuPJLIyw2cun,Makro,2026-07-08,PLAT LLA NAGGADO BC MPRO27CMX6,otros_consumo,,Metro Professional,pack,6ud (27cm),2.0,13.95,27.9,21.0
1QlBrd7Z_eZ9Q1FOf3K_uuuPJLIyw2cun,Makro,2026-07-08,BANDEJA OVAL INOX MPRO 20X15CM,otros_consumo,,Metro Professional,ud,20x15cm,22.0,1.55,34.1,21.0
1QlBrd7Z_eZ9Q1FOf3K_uuuPJLIyw2cun,Makro,2026-07-08,CUCHILLO MESA ESCAND ARO X12,otros_consumo,,Aro,pack,12ud,2.0,5.15,10.3,21.0
1QlBrd7Z_eZ9Q1FOf3K_uuuPJLIyw2cun,Makro,2026-07-08,SET SAL Y PIMIENTA ARO X2,otros_consumo,,Aro,set,2ud,1.0,1.6,1.6,21.0
1QlBrd7Z_eZ9Q1FOf3K_uuuPJLIyw2cun,Makro,2026-07-08,TENEDOR MESA VERONA ARO X12,otros_consumo,,Aro,pack,12ud,2.0,3.05,6.1,21.0
1QlBrd7Z_eZ9Q1FOf3K_uuuPJLIyw2cun,Makro,2026-07-08,BANDEJA OVAL BORDE VUELTO 30CM,otros_consumo,,,ud,30cm,12.0,4.19,50.28,21.0
1QlBrd7Z_eZ9Q1FOf3K_uuuPJLIyw2cun,Makro,2026-07-08,BANDEJA OVAL BORDE VUELTO 35CM,otros_consumo,,,ud,35cm,3.0,5.49,16.47,21.0
1QlBrd7Z_eZ9Q1FOf3K_uuuPJLIyw2cun,Makro,2026-07-08,CUBO BASURA TAPA NGRO MPRO 95L,otros_consumo,,Metro Professional,ud,95L,1.0,21.95,21.95,21.0
1r0YDpEJ95fDJQDqmIDnwOxO_w82hriug,Melgarejo Distribuidores de Bebidas SL,2026-07-13,AGUA EVIAN CON GAS 200 X33 CL,bebida,agua,Evian,caja,33cl,3.0,24.58,73.74,10.0
1r0YDpEJ95fDJQDqmIDnwOxO_w82hriug,Melgarejo Distribuidores de Bebidas SL,2026-07-13,BOTELLERO EN PRESTAMO,otros_consumo,,,ud,,1.0,0.0,0.0,
1r0YDpEJ95fDJQDqmIDnwOxO_w82hriug,Melgarejo Distribuidores de Bebidas SL,2026-07-13,AQUAREL PET 33cl 35 UDS,bebida,agua,Nestlé Aquarel,caja,35x33cl,3.0,5.92,18.12,10.0
1r0YDpEJ95fDJQDqmIDnwOxO_w82hriug,Melgarejo Distribuidores de Bebidas SL,2026-07-13,BTLLA BARCELO AÑEJO RON 70cl,bebida,alcohol,Ron Barceló,botella,70cl,12.0,12.36,139.42,21.0
1r0YDpEJ95fDJQDqmIDnwOxO_w82hriug,Melgarejo Distribuidores de Bebidas SL,2026-07-13,BTLLA RV GINEBRA RIVES 70 CL,bebida,alcohol,Rives,botella,70cl,30.0,8.41,244.73,21.0
1r0YDpEJ95fDJQDqmIDnwOxO_w82hriug,Melgarejo Distribuidores de Bebidas SL,2026-07-13,RED BULL ENERG 25cl 24 UDS,bebida,refresco,Red Bull,caja,24x25cl,4.0,23.55,94.36,21.0
1r0YDpEJ95fDJQDqmIDnwOxO_w82hriug,Melgarejo Distribuidores de Bebidas SL,2026-07-13,SEVEN FREE RET 200 CC,bebida,refresco,7Up,caja,200ml,7.0,23.28,114.07,21.0
1r0YDpEJ95fDJQDqmIDnwOxO_w82hriug,Melgarejo Distribuidores de Bebidas SL,2026-07-13,PEPSI MAX AXL RET 200CC,bebida,refresco,Pepsi,caja,200ml,5.0,24.96,81.12,21.0
1r0YDpEJ95fDJQDqmIDnwOxO_w82hriug,Melgarejo Distribuidores de Bebidas SL,2026-07-13,PEPSI REGULAR AXL RET 200 CC,bebida,refresco,Pepsi,caja,200ml,10.0,24.96,162.24,21.0
1r0YDpEJ95fDJQDqmIDnwOxO_w82hriug,Melgarejo Distribuidores de Bebidas SL,2026-07-13,AGUA EVIAN CON GAS 200 X33 CL,bebida,agua,Evian,caja,33cl,4.0,24.58,98.32,10.0
1r0YDpEJ95fDJQDqmIDnwOxO_w82hriug,Melgarejo Distribuidores de Bebidas SL,2026-07-13,AQUAREL PET 33cl 35 UDS,bebida,agua,Nestlé Aquarel,caja,35x33cl,5.0,5.92,30.2,10.0
1r0YDpEJ95fDJQDqmIDnwOxO_w82hriug,Melgarejo Distribuidores de Bebidas SL,2026-07-13,"BTLLA WHITE LABEL 0,70 - DEMENTE",bebida,alcohol,Dewar's White Label,botella,70cl,24.0,10.24,185.55,21.0
1r0YDpEJ95fDJQDqmIDnwOxO_w82hriug,Melgarejo Distribuidores de Bebidas SL,2026-07-13,SCH TONICA RET 28X1X200ML,bebida,refresco,Schweppes,caja,28x200ml,5.0,31.92,111.72,21.0
1r0YDpEJ95fDJQDqmIDnwOxO_w82hriug,Melgarejo Distribuidores de Bebidas SL,2026-07-13,SCH NARANJA LOW CAL RET 28X1X200,bebida,refresco,Schweppes,caja,28x200ml,6.0,26.04,93.74,21.0
1r0YDpEJ95fDJQDqmIDnwOxO_w82hriug,Melgarejo Distribuidores de Bebidas SL,2026-07-13,SCH LIMO LOW RET 28X200ML,bebida,refresco,Schweppes,caja,28x200ml,7.0,26.04,109.37,21.0
1r0YDpEJ95fDJQDqmIDnwOxO_w82hriug,Melgarejo Distribuidores de Bebidas SL,2026-07-13,CAJA C/BOT SEVEN-UP 200 CC,otros_consumo,,7Up,caja,200ml,-7.0,4.8,-33.6,21.0
1r0YDpEJ95fDJQDqmIDnwOxO_w82hriug,Melgarejo Distribuidores de Bebidas SL,2026-07-13,CAJA C/BOT SEVEN-UP 200 CC,otros_consumo,,7Up,caja,200ml,7.0,4.8,33.6,21.0
1r0YDpEJ95fDJQDqmIDnwOxO_w82hriug,Melgarejo Distribuidores de Bebidas SL,2026-07-13,CAJA C/BOT  PEPSI 200 RET,otros_consumo,,Pepsi,caja,200ml,15.0,4.8,72.0,21.0
1r0YDpEJ95fDJQDqmIDnwOxO_w82hriug,Melgarejo Distribuidores de Bebidas SL,2026-07-13,CAJA C/BOT  SCHWEPPES 200 RET,otros_consumo,,Schweppes,caja,200ml,18.0,5.2,93.6,21.0
1r0YDpEJ95fDJQDqmIDnwOxO_w82hriug,Melgarejo Distribuidores de Bebidas SL,2026-07-13,BARRIL CRUZCAMPO 50L,bebida,cerveza,Cruzcampo,barril,50L,1.0,168.0,168.0,21.0
1r0YDpEJ95fDJQDqmIDnwOxO_w82hriug,Melgarejo Distribuidores de Bebidas SL,2026-07-13,RIVES GIN EXOTICA 70CL,bebida,alcohol,Rives,botella,70cl,6.0,12.59,73.27,21.0
1r0YDpEJ95fDJQDqmIDnwOxO_w82hriug,Melgarejo Distribuidores de Bebidas SL,2026-07-13,RED BULL ENERG 25cl 24 UDS,bebida,refresco,Red Bull,caja,24x25cl,2.0,23.55,47.18,21.0
1r0YDpEJ95fDJQDqmIDnwOxO_w82hriug,Melgarejo Distribuidores de Bebidas SL,2026-07-13,PEPSI MAX AXL RET 200CC,bebida,refresco,Pepsi,caja,200ml,5.0,24.96,81.12,21.0
1r0YDpEJ95fDJQDqmIDnwOxO_w82hriug,Melgarejo Distribuidores de Bebidas SL,2026-07-13,SCH TONICA RET 28X1X200ML,bebida,refresco,Schweppes,caja,28x200ml,5.0,31.92,111.72,21.0
1r0YDpEJ95fDJQDqmIDnwOxO_w82hriug,Melgarejo Distribuidores de Bebidas SL,2026-07-13,FIANZA BARRIL 50 L,otros_consumo,,,barril,50L,-2.0,12.02,-24.04,21.0
1r0YDpEJ95fDJQDqmIDnwOxO_w82hriug,Melgarejo Distribuidores de Bebidas SL,2026-07-13,CAJA C/BOT  PEPSI 200 RET,otros_consumo,,Pepsi,caja,200ml,-21.0,4.8,-100.8,21.0
1r0YDpEJ95fDJQDqmIDnwOxO_w82hriug,Melgarejo Distribuidores de Bebidas SL,2026-07-13,CAJA C/BOT  SCHWEPPES 200 RET,otros_consumo,,Schweppes,caja,200ml,-25.0,5.2,-130.0,21.0
1r0YDpEJ95fDJQDqmIDnwOxO_w82hriug,Melgarejo Distribuidores de Bebidas SL,2026-07-13,FIANZA BARRIL 50 L,otros_consumo,,,barril,50L,1.0,12.02,12.02,21.0
1r0YDpEJ95fDJQDqmIDnwOxO_w82hriug,Melgarejo Distribuidores de Bebidas SL,2026-07-13,CAJA C/BOT  PEPSI 200 RET,otros_consumo,,Pepsi,caja,200ml,5.0,4.8,24.0,21.0
1r0YDpEJ95fDJQDqmIDnwOxO_w82hriug,Melgarejo Distribuidores de Bebidas SL,2026-07-13,CAJA C/BOT  SCHWEPPES 200 RET,otros_consumo,,Schweppes,caja,200ml,5.0,5.2,26.0,21.0
1r0YDpEJ95fDJQDqmIDnwOxO_w82hriug,Melgarejo Distribuidores de Bebidas SL,2026-07-13,SCH LIMO LOW RET 28X200ML,bebida,refresco,Schweppes,caja,28x200ml,6.0,26.04,93.74,21.0
1r0YDpEJ95fDJQDqmIDnwOxO_w82hriug,Melgarejo Distribuidores de Bebidas SL,2026-07-13,CAJA C/BOT  SCHWEPPES 200 RET,otros_consumo,,Schweppes,caja,200ml,6.0,5.2,31.2,21.0
1r0YDpEJ95fDJQDqmIDnwOxO_w82hriug,Melgarejo Distribuidores de Bebidas SL,2026-07-13,SEVEN FREE RET 200 CC,bebida,refresco,7Up,caja,200ml,5.0,23.28,81.48,21.0
1r0YDpEJ95fDJQDqmIDnwOxO_w82hriug,Melgarejo Distribuidores de Bebidas SL,2026-07-13,PEPSI MAX AXL RET 200CC,bebida,refresco,Pepsi,caja,200ml,6.0,24.96,97.34,21.0
1r0YDpEJ95fDJQDqmIDnwOxO_w82hriug,Melgarejo Distribuidores de Bebidas SL,2026-07-13,PEPSI REGULAR AXL RET 200 CC,bebida,refresco,Pepsi,caja,200ml,10.0,24.96,162.24,21.0
1r0YDpEJ95fDJQDqmIDnwOxO_w82hriug,Melgarejo Distribuidores de Bebidas SL,2026-07-13,SCH TONICA RET 28X1X200ML,bebida,refresco,Schweppes,caja,28x200ml,10.0,31.92,223.44,21.0
1r0YDpEJ95fDJQDqmIDnwOxO_w82hriug,Melgarejo Distribuidores de Bebidas SL,2026-07-13,SCH NARANJA LOW CAL RET 28X1X200,bebida,refresco,Schweppes,caja,28x200ml,3.0,26.04,46.87,21.0
1r0YDpEJ95fDJQDqmIDnwOxO_w82hriug,Melgarejo Distribuidores de Bebidas SL,2026-07-13,SCH LIMO LOW RET 28X200ML,bebida,refresco,Schweppes,caja,28x200ml,5.0,26.04,78.12,21.0
1r0YDpEJ95fDJQDqmIDnwOxO_w82hriug,Melgarejo Distribuidores de Bebidas SL,2026-07-13,CAJA C/BOT  PEPSI 200 RET,otros_consumo,,Pepsi,caja,200ml,-14.0,4.8,-67.2,21.0
1r0YDpEJ95fDJQDqmIDnwOxO_w82hriug,Melgarejo Distribuidores de Bebidas SL,2026-07-13,CAJA C/BOT  SCHWEPPES 200 RET,otros_consumo,,Schweppes,caja,200ml,-12.0,5.2,-62.4,21.0
1r0YDpEJ95fDJQDqmIDnwOxO_w82hriug,Melgarejo Distribuidores de Bebidas SL,2026-07-13,FIANZA 1/3 CRUZCAMPO,otros_consumo,,Cruzcampo,ud,1/3,-3.0,3.7,-11.1,21.0
1r0YDpEJ95fDJQDqmIDnwOxO_w82hriug,Melgarejo Distribuidores de Bebidas SL,2026-07-13,CAJA C/BOT SEVEN-UP 200 CC,otros_consumo,,7Up,caja,200ml,-4.0,4.8,-19.2,21.0
1r0YDpEJ95fDJQDqmIDnwOxO_w82hriug,Melgarejo Distribuidores de Bebidas SL,2026-07-13,CAJA C/BOT SEVEN-UP 200 CC,otros_consumo,,7Up,caja,200ml,5.0,4.8,24.0,21.0
1r0YDpEJ95fDJQDqmIDnwOxO_w82hriug,Melgarejo Distribuidores de Bebidas SL,2026-07-13,CAJA C/BOT  PEPSI 200 RET,otros_consumo,,Pepsi,caja,200ml,16.0,4.8,76.8,21.0
1r0YDpEJ95fDJQDqmIDnwOxO_w82hriug,Melgarejo Distribuidores de Bebidas SL,2026-07-13,CAJA C/BOT  SCHWEPPES 200 RET,otros_consumo,,Schweppes,caja,200ml,18.0,5.2,93.6,21.0
1rkfUZr1J0ToVH0xJapZlqNkC2PZTL6sX,Hielo Express Los Mellis,2026-07-13,HIELO PICADO,otros_consumo,,,saco,,5.0,4.55,22.73,10.0
1rkfUZr1J0ToVH0xJapZlqNkC2PZTL6sX,Hielo Express Los Mellis,2026-07-13,HIELO,otros_consumo,,,saco,,124.0,3.64,450.91,10.0
1VY9GskEaXSWQF7ZbwJCV_AWG0ZDCuZag,Miguel Merino Distribuciones SL,2026-07-10,"033164 48 BEEFEATER GIN 0,7L(6U)",bebida,alcohol,Beefeater,botella,70cl,48.0,12.16,583.68,21.0
1VY9GskEaXSWQF7ZbwJCV_AWG0ZDCuZag,Miguel Merino Distribuciones SL,2026-07-10,"020126 12 SEAGRAM`S GIN 0,7L(6U)",bebida,alcohol,Seagram's,botella,70cl,12.0,13.56,162.72,21.0
1VY9GskEaXSWQF7ZbwJCV_AWG0ZDCuZag,Miguel Merino Distribuciones SL,2026-07-10,"027417 18 OLMECA REPOSADO TEQUILA 0,7L(6U)",bebida,alcohol,Olmeca,botella,70cl,18.0,10.37,186.66,21.0
1VY9GskEaXSWQF7ZbwJCV_AWG0ZDCuZag,Miguel Merino Distribuciones SL,2026-07-10,"034846 2 MACALLAN 12 AÑOS DOUBLE CASK 0,7L(6U)",bebida,alcohol,The Macallan,botella,70cl,2.0,58.15,116.3,21.0
1VY9GskEaXSWQF7ZbwJCV_AWG0ZDCuZag,Miguel Merino Distribuciones SL,2026-07-10,"025373 2 ZACAPA RON 23 AÑOS 0,7L(6U)",bebida,alcohol,Ron Zacapa,botella,70cl,2.0,29.59,59.18,21.0
1PAL9DMqGkWxLVOGdloA9xo6bkmI9B1KO,Makro,2026-07-04,NARANJA MESA MC C-4/5 MA 2KG,comida,,Makro Chef,malla,2kg,1.0,2.95,2.95,4.0
1PAL9DMqGkWxLVOGdloA9xo6bkmI9B1KO,Makro,2026-07-04,LIMON MC C-4/5 MA 2KG,comida,,Makro Chef,malla,2kg,1.0,5.79,5.79,4.0
1PAL9DMqGkWxLVOGdloA9xo6bkmI9B1KO,Makro,2026-07-04,TOMATE RALLADO MC BT 1 L,comida,,Makro Chef,bote,1L,1.0,4.35,4.35,10.0
1PAL9DMqGkWxLVOGdloA9xo6bkmI9B1KO,Makro,2026-07-04,MOSTAZA Y MIEL SSA ASTURIA 1KG,comida,,Asturia,bote,1kg,2.0,5.59,11.18,10.0
1PAL9DMqGkWxLVOGdloA9xo6bkmI9B1KO,Makro,2026-07-04,SERV MPRO 20X20CM NEGRO 150UD,otros_consumo,,Metro Professional,paquete,150ud,4.0,1.95,7.8,21.0
1PAL9DMqGkWxLVOGdloA9xo6bkmI9B1KO,Makro,2026-07-04,GUANTES NIT NGR MPRO TM 100UD,otros_consumo,,Metro Professional,caja,100ud,1.0,4.95,4.95,21.0
1PAL9DMqGkWxLVOGdloA9xo6bkmI9B1KO,Makro,2026-07-04,BOLSA CAM REC 65X70 3UG200,otros_consumo,,,paquete,,1.0,0.89,0.89,21.0
1PAL9DMqGkWxLVOGdloA9xo6bkmI9B1KO,Makro,2026-07-04,PLA LLANO MODERN MPRO25X25CMx6,otros_consumo,,Metro Professional,pack,6ud,1.0,28.5,28.5,21.0
1PAL9DMqGkWxLVOGdloA9xo6bkmI9B1KO,Makro,2026-07-04,CENICERO NGR MELAM MPRO 10X3CM,otros_consumo,,Metro Professional,pack,6ud,2.0,21.15,42.3,21.0
1PAL9DMqGkWxLVOGdloA9xo6bkmI9B1KO,Makro,2026-07-04,CUCHARA CAFE ESCAND ARO X24,otros_consumo,,Aro,pack,24ud,3.0,2.95,8.85,21.0
1PAL9DMqGkWxLVOGdloA9xo6bkmI9B1KO,Makro,2026-07-04,BANDEJA C/ PINZA P/ NOTAS,otros_consumo,,,ud,,12.0,3.68,44.16,21.0
1PAL9DMqGkWxLVOGdloA9xo6bkmI9B1KO,Makro,2026-07-04,BANDEJA OVAL BORDE VUELTO 30CM,otros_consumo,,,ud,,16.0,4.19,67.04,21.0
13vJ1FdSWyE0QVolMn1e2IRHUSX3RWDE4,Miguel Merino Distribuciones SL,2026-07-06,"CLASE AZUL TEQUILA REPOSADO 0,7L(6U)",bebida,alcohol,Clase Azul,botella,70cl,2.0,154.45,308.9,21.0
1BG4aomnDu4RWLC5C1RhAOBZZ5zsus-O9,Miguel Merino Distribuciones SL,2026-07-06,"CLASE AZUL TEQUILA PLATA 0,7L(6U)",bebida,alcohol,Clase Azul,botella,70cl,-2.0,96.85,-193.7,21.0
1Pf19grJlgKJHfIJ9uyTiQto2wqxmUX34,Hostelera Plato al Centro SLU,2026-07-02,ENSALADILLA,comida,,,ud,,1.0,3.5,3.5,10.0
1Pf19grJlgKJHfIJ9uyTiQto2wqxmUX34,Hostelera Plato al Centro SLU,2026-07-02,COCA COLA ZERO,bebida,refresco,Coca-Cola,botella,,1.0,2.5,2.5,10.0
1Pf19grJlgKJHfIJ9uyTiQto2wqxmUX34,Hostelera Plato al Centro SLU,2026-07-02,"AGUA LANJARON 0,5 L.",bebida,agua,Lanjarón,botella,"0,5L",1.0,2.5,2.5,10.0
1Pf19grJlgKJHfIJ9uyTiQto2wqxmUX34,Hostelera Plato al Centro SLU,2026-07-02,CAÑON,bebida,cerveza,,servida,,1.0,2.7,2.7,10.0
1Pf19grJlgKJHfIJ9uyTiQto2wqxmUX34,Hostelera Plato al Centro SLU,2026-07-02,PAN Y PICOS,comida,,,ud,,2.0,1.2,2.4,10.0
1Pf19grJlgKJHfIJ9uyTiQto2wqxmUX34,Hostelera Plato al Centro SLU,2026-07-02,CAFE CORTADO,bebida,otros,,ud,,1.0,1.8,1.8,10.0
1Pf19grJlgKJHfIJ9uyTiQto2wqxmUX34,Hostelera Plato al Centro SLU,2026-07-02,CAFE LECHE,bebida,otros,,ud,,1.0,1.8,1.8,10.0
1Pf19grJlgKJHfIJ9uyTiQto2wqxmUX34,Hostelera Plato al Centro SLU,2026-07-02,DOBLADILLO,comida,,,ud,,1.0,4.0,4.0,10.0
1Pf19grJlgKJHfIJ9uyTiQto2wqxmUX34,Hostelera Plato al Centro SLU,2026-07-02,POLLO AL CURRY,comida,,,ud,,1.0,4.0,4.0,10.0
1Pf19grJlgKJHfIJ9uyTiQto2wqxmUX34,Hostelera Plato al Centro SLU,2026-07-02,GUNKAN,comida,,,ud,,4.0,3.0,12.0,10.0
1JNsXbcn-eAkojEVNozxlktrGkbolnjpP,Jamones La Encina (Javier Quintero),2026-06-01,CUBO GILDA ANCHOA,comida,,,cubo,,3.0,14.5,43.5,10.0
1JNsXbcn-eAkojEVNozxlktrGkbolnjpP,Jamones La Encina (Javier Quintero),2026-06-01,CECINA BLACK ANGUS (LOTE L455) 03/01/27,comida,,,ud,,10.0,4.5,45.0,10.0
1JNsXbcn-eAkojEVNozxlktrGkbolnjpP,Jamones La Encina (Javier Quintero),2026-06-01,GILDA MISTA CEBOLLITA,comida,,,ud,,3.0,18.0,54.0,10.0
1JNsXbcn-eAkojEVNozxlktrGkbolnjpP,Jamones La Encina (Javier Quintero),2026-06-01,BANDERILLAS ATUN Y QUESO,comida,,,ud,,3.0,12.5,37.5,10.0
1JNsXbcn-eAkojEVNozxlktrGkbolnjpP,Jamones La Encina (Javier Quintero),2026-06-01,ANCHOAS R 00,comida,,,ud,,2.0,35.0,70.0,10.0
1JNsXbcn-eAkojEVNozxlktrGkbolnjpP,Jamones La Encina (Javier Quintero),2026-06-01,MOJAMA EXTRA,comida,,,ud,,12.0,2.5,30.0,10.0
1JNsXbcn-eAkojEVNozxlktrGkbolnjpP,Jamones La Encina (Javier Quintero),2026-06-01,PALETA IBERICA CAMPO CUCHILLO,comida,,,kg,,1.08,12.0,12.96,10.0
1JNsXbcn-eAkojEVNozxlktrGkbolnjpP,Jamones La Encina (Javier Quintero),2026-06-01,CHICHARRON DE CAI,comida,,,kg,,1.9,16.0,30.4,10.0
1JNsXbcn-eAkojEVNozxlktrGkbolnjpP,Jamones La Encina (Javier Quintero),2026-06-01,SARDINAS MENU,comida,,,ud,,4.0,13.0,52.0,10.0
1JNsXbcn-eAkojEVNozxlktrGkbolnjpP,Jamones La Encina (Javier Quintero),2026-06-01,MEJILLONES COCIDOS CUBO,comida,,,cubo,,2.0,22.7,45.4,10.0
1JNsXbcn-eAkojEVNozxlktrGkbolnjpP,Jamones La Encina (Javier Quintero),2026-06-01,ATUN AHUMADO,comida,,,ud,,4.0,12.5,50.0,10.0
1JNsXbcn-eAkojEVNozxlktrGkbolnjpP,Jamones La Encina (Javier Quintero),2026-06-01,JAMON COCIDO,comida,,,kg,,2.1,16.0,33.6,10.0
1JNsXbcn-eAkojEVNozxlktrGkbolnjpP,Jamones La Encina (Javier Quintero),2026-06-01,QUESO PAYOYO,comida,,Payoyo,kg,,1.2,28.0,33.6,10.0
1JNsXbcn-eAkojEVNozxlktrGkbolnjpP,Jamones La Encina (Javier Quintero),2026-06-01,QUESO PIMENTON,comida,,,kg,,1.0,28.0,28.0,10.0
1JNsXbcn-eAkojEVNozxlktrGkbolnjpP,Jamones La Encina (Javier Quintero),2026-06-01,QUESO AMONTILLADO,comida,,,kg,,1.45,28.0,40.6,10.0
18jPUAORO_zVRyK4LKWbj6C_d2MEFJTS0,Hostelera Plato al Centro SLU,2026-06-30,PIMIENTOS RELLENOS,comida,,,ud,,1.0,4.0,4.0,10.0
18jPUAORO_zVRyK4LKWbj6C_d2MEFJTS0,Hostelera Plato al Centro SLU,2026-06-30,ENSALADILLA,comida,,,ud,,1.0,3.5,3.5,10.0
18jPUAORO_zVRyK4LKWbj6C_d2MEFJTS0,Hostelera Plato al Centro SLU,2026-06-30,1/2 TOSTA CUATROPASO,comida,,,ud,,1.0,10.0,10.0,10.0
18jPUAORO_zVRyK4LKWbj6C_d2MEFJTS0,Hostelera Plato al Centro SLU,2026-06-30,CAÑA,bebida,cerveza,,servida,,3.0,2.5,7.5,10.0
1l8GydrLSRqDju_znls1aJ7eWw3mPGy0m,Jamones La Encina (Javier Quintero),2026-06-01,CUBO GILDA ANCHOA,comida,,,cubo,,3.0,14.5,43.5,10.0
1l8GydrLSRqDju_znls1aJ7eWw3mPGy0m,Jamones La Encina (Javier Quintero),2026-06-01,CECINA BLACK ANGUS (LOTE L455) 03/01/27,comida,,,kg,,10.8,45.0,486.0,10.0
1l8GydrLSRqDju_znls1aJ7eWw3mPGy0m,Jamones La Encina (Javier Quintero),2026-06-01,GILDA MISTA CEBOLLITA,comida,,,cubo,,3.0,18.0,54.0,10.0
1l8GydrLSRqDju_znls1aJ7eWw3mPGy0m,Jamones La Encina (Javier Quintero),2026-06-01,BANDERILLAS ATUN Y QUESO,comida,,,ud,,3.0,12.5,37.5,10.0
1l8GydrLSRqDju_znls1aJ7eWw3mPGy0m,Jamones La Encina (Javier Quintero),2026-06-01,ANCHOAS R 00,comida,,,ud,,2.0,35.0,70.0,10.0
1l8GydrLSRqDju_znls1aJ7eWw3mPGy0m,Jamones La Encina (Javier Quintero),2026-06-01,MOJAMA EXTRA,comida,,,ud,,12.0,2.5,30.0,10.0
1l8GydrLSRqDju_znls1aJ7eWw3mPGy0m,Jamones La Encina (Javier Quintero),2026-06-01,PALETA IBERICA CAMPO CUCHILLO,comida,,,kg,,1.08,12.0,12.96,10.0
1l8GydrLSRqDju_znls1aJ7eWw3mPGy0m,Jamones La Encina (Javier Quintero),2026-06-01,CHICHARRON DE CAI,comida,,,kg,,1.9,16.0,30.4,10.0
1l8GydrLSRqDju_znls1aJ7eWw3mPGy0m,Jamones La Encina (Javier Quintero),2026-06-01,SARDINAS MENU,comida,,,ud,,4.0,13.0,52.0,10.0
1l8GydrLSRqDju_znls1aJ7eWw3mPGy0m,Jamones La Encina (Javier Quintero),2026-06-01,MEJILLONES COCIDOS CUBO,comida,,,cubo,,2.0,22.7,45.4,10.0
1l8GydrLSRqDju_znls1aJ7eWw3mPGy0m,Jamones La Encina (Javier Quintero),2026-06-01,ATUN AHUMADO,comida,,,ud,,4.0,12.5,50.0,10.0
1l8GydrLSRqDju_znls1aJ7eWw3mPGy0m,Jamones La Encina (Javier Quintero),2026-06-01,JAMON COCIDO,comida,,,kg,,2.1,16.0,33.6,10.0
1l8GydrLSRqDju_znls1aJ7eWw3mPGy0m,Jamones La Encina (Javier Quintero),2026-06-01,QUESO PAYOYO,comida,,Payoyo,kg,,1.2,28.0,33.6,10.0
1l8GydrLSRqDju_znls1aJ7eWw3mPGy0m,Jamones La Encina (Javier Quintero),2026-06-01,QUESO PIMENTON,comida,,,kg,,1.0,28.0,28.0,10.0
1PBoxpFczuyY0HPNaf0d09IQQf0mCeEAM,Picking Gades SL,2026-06-02,Tocino cielo lata 120g (C/14 uds) Tragus,comida,,Tragus,caja,14x120g,1.0,33.4,33.4,10.0
1PBoxpFczuyY0HPNaf0d09IQQf0mCeEAM,Picking Gades SL,2026-06-02,Dos chocolates lata 120g (C/14 uds) Tragus,comida,,Tragus,caja,14x120g,1.0,33.4,33.4,10.0
1PBoxpFczuyY0HPNaf0d09IQQf0mCeEAM,Picking Gades SL,2026-06-02,Limoncello lata 120g (C/14uds) Tragus,comida,,Tragus,caja,14x120g,1.0,33.4,33.4,10.0
1PBoxpFczuyY0HPNaf0d09IQQf0mCeEAM,Picking Gades SL,2026-06-02,Queso frambuesa lata 120g (C14 uds) Tragus,comida,,Tragus,caja,14x120g,1.0,33.4,33.4,10.0
1Trw4rcgjume9lm1R6sddbf82ZGSKoXmI,Picking Gades SL,2026-06-02,Steak tartar ultracongelado 135 gr. (12 und/caja),comida,,,caja,12x135g,1.0,57.2658,57.27,10.0
1Trw4rcgjume9lm1R6sddbf82ZGSKoXmI,Picking Gades SL,2026-06-02,Steak tartar ultracongelado 135 gr. (12 und/caja),comida,,,caja,12x135g,1.0,57.2658,57.27,10.0
1HvdrARp9_dbDTrO7qOuLWW_Sve8hQxoc,Picking Gades SL,2026-06-09,Pastrami loncheado 150 g cong,comida,,,caja,14x150g,2.0,76.4067,152.81,10.0
1Av9BJNJLtMW9alqG-3LslnI3p8wGVuZW,BAZAR CHINO,2026-06-19,AGUA 1.5L,bebida,agua,,botella,1.5L,3.0,0.83,2.48,21.0
1Av9BJNJLtMW9alqG-3LslnI3p8wGVuZW,BAZAR CHINO,2026-06-19,ALARGADOR,otros_consumo,,,ud,,1.0,23.97,23.97,21.0
1ikkSNo9RKAaD9zxue6IYz3xNTdgU5eSI,Miguel Merino Distribuciones SL,2026-06-22,"041913  HAVANA RON AÑEJO ORIGEN 0,7L(6U)",bebida,alcohol,Havana Club,botella,70cl,60.0,10.32,619.2,21.0
1ikkSNo9RKAaD9zxue6IYz3xNTdgU5eSI,Miguel Merino Distribuciones SL,2026-06-22,"010462  BARCELO AÑEJO 0,7L(12U)",bebida,alcohol,Ron Barceló,botella,70cl,24.0,12.87,308.88,21.0
1ikkSNo9RKAaD9zxue6IYz3xNTdgU5eSI,Miguel Merino Distribuciones SL,2026-06-22,"041944  RIVES EXOTICA GIN 0,7L(6U) PROMO CRUZADA",bebida,alcohol,Rives,botella,70cl,2.0,0.0,0.0,21.0
1ikkSNo9RKAaD9zxue6IYz3xNTdgU5eSI,Miguel Merino Distribuciones SL,2026-06-22,"023214  BARCELO IMPERIAL 0,7L(6U)",bebida,alcohol,Ron Barceló,botella,70cl,6.0,21.36,128.16,21.0
1ikkSNo9RKAaD9zxue6IYz3xNTdgU5eSI,Miguel Merino Distribuciones SL,2026-06-22,"033164  BEEFEATER GIN 0,7L(6U)",bebida,alcohol,Beefeater,botella,70cl,60.0,12.16,729.6,21.0
1ikkSNo9RKAaD9zxue6IYz3xNTdgU5eSI,Miguel Merino Distribuciones SL,2026-06-22,"020126  SEAGRAM`S GIN 0,7L(6U)",bebida,alcohol,Seagram's,botella,70cl,48.0,13.56,650.88,21.0
1ikkSNo9RKAaD9zxue6IYz3xNTdgU5eSI,Miguel Merino Distribuciones SL,2026-06-22,"022077  HENDRICK´S GIN 0,7L(6U)",bebida,alcohol,Hendrick's,botella,70cl,6.0,23.94,143.64,21.0
1ikkSNo9RKAaD9zxue6IYz3xNTdgU5eSI,Miguel Merino Distribuciones SL,2026-06-22,"025865  MILLER`S GIN 0,7L(6U) 40 GRADOS",bebida,alcohol,Martin Miller's,botella,70cl,6.0,19.73,118.38,21.0
1ikkSNo9RKAaD9zxue6IYz3xNTdgU5eSI,Miguel Merino Distribuciones SL,2026-06-22,"031146  BALLANTINE`S 0,7L(6U)",bebida,alcohol,Ballantine's,botella,70cl,72.0,11.45,824.4,21.0
1ikkSNo9RKAaD9zxue6IYz3xNTdgU5eSI,Miguel Merino Distribuciones SL,2026-06-22,"010509  JAMESON 0,7L(6U)",bebida,alcohol,Jameson,botella,70cl,18.0,14.48,260.64,21.0
1ikkSNo9RKAaD9zxue6IYz3xNTdgU5eSI,Miguel Merino Distribuciones SL,2026-06-22,"037499  BALLANTINES 10 AÑOS 0,7L(6U)",bebida,alcohol,Ballantine's,botella,70cl,6.0,15.15,90.9,21.0
1ikkSNo9RKAaD9zxue6IYz3xNTdgU5eSI,Miguel Merino Distribuciones SL,2026-06-22,"033918  J.WALKER GREEN 0,7L(6U)",bebida,alcohol,Johnnie Walker,botella,70cl,3.0,43.22,129.66,21.0
1ikkSNo9RKAaD9zxue6IYz3xNTdgU5eSI,Miguel Merino Distribuciones SL,2026-06-22,"032250  ABSOLUT 0,7L(6U)",bebida,alcohol,Absolut,botella,70cl,96.0,11.51,1104.96,21.0
1ikkSNo9RKAaD9zxue6IYz3xNTdgU5eSI,Miguel Merino Distribuciones SL,2026-06-22,"027789  GREY GOOSE VODKA 0,7L(6U)",bebida,alcohol,Grey Goose,botella,70cl,18.0,37.34,672.12,21.0
1ikkSNo9RKAaD9zxue6IYz3xNTdgU5eSI,Miguel Merino Distribuciones SL,2026-06-22,"037043  GREY GOOSE VODKA 1,75L(6U) CON LUZ",bebida,alcohol,Grey Goose,botella,"1,75L",6.0,96.55,579.3,21.0
1ikkSNo9RKAaD9zxue6IYz3xNTdgU5eSI,Miguel Merino Distribuciones SL,2026-06-22,"027417  OLMECA REPOSADO TEQUILA 0,7L(6U)",bebida,alcohol,Olmeca,botella,70cl,6.0,10.37,62.22,21.0
1ikkSNo9RKAaD9zxue6IYz3xNTdgU5eSI,Miguel Merino Distribuciones SL,2026-06-22,"042321  CLASE AZUL TEQUILA PLATA 0,7L(6U)",bebida,alcohol,Clase Azul,botella,70cl,4.0,96.85,387.4,21.0
1ikkSNo9RKAaD9zxue6IYz3xNTdgU5eSI,Miguel Merino Distribuciones SL,2026-06-22,"042529  CODIGO 1530 TEQUILA BLANCO 0,7L(6U)",bebida,alcohol,Código 1530,botella,70cl,6.0,46.55,279.3,21.0
1ikkSNo9RKAaD9zxue6IYz3xNTdgU5eSI,Miguel Merino Distribuciones SL,2026-06-22,"023161  MUMM C.ROUGE 0,75L(6U) SIN ESTUCHE",bebida,vino,G.H. Mumm,botella,75cl,6.0,34.78,208.68,21.0
1ikkSNo9RKAaD9zxue6IYz3xNTdgU5eSI,Miguel Merino Distribuciones SL,2026-06-22,"031332  M&C BRUT IMPERIAL ICE 0,75L(6U)",bebida,vino,Moët & Chandon,botella,75cl,2.0,45.25,90.5,21.0
1ikkSNo9RKAaD9zxue6IYz3xNTdgU5eSI,Miguel Merino Distribuciones SL,2026-06-22,"042910  DOM PERIGNON VINTAGE 0,75L(6U)(15)",bebida,vino,Dom Pérignon,botella,75cl,6.0,170.5,1023.0,21.0
1ikkSNo9RKAaD9zxue6IYz3xNTdgU5eSI,Miguel Merino Distribuciones SL,2026-06-22,"041862  SEAGRAM`S 0.0 GIN S/ALCOHOL 0,7L(6U)",bebida,otros,Seagram's,botella,70cl,2.0,0.0,0.0,21.0
1ikkSNo9RKAaD9zxue6IYz3xNTdgU5eSI,Miguel Merino Distribuciones SL,2026-06-22,"044344  ABSOLUT TABASCO 0,7L(6U)",bebida,alcohol,Absolut,botella,70cl,2.0,0.0,0.0,21.0
1ikkSNo9RKAaD9zxue6IYz3xNTdgU5eSI,Miguel Merino Distribuciones SL,2026-06-22,"021318  M&C BRUT IMPERIAL 0,75L(6U)",bebida,vino,Moët & Chandon,botella,75cl,2.0,34.6,69.2,21.0
1ikkSNo9RKAaD9zxue6IYz3xNTdgU5eSI,Miguel Merino Distribuciones SL,2026-06-22,"035276  J.WALKER BLACK 0,7L(6U)",bebida,alcohol,Johnnie Walker,botella,70cl,12.0,21.47,257.64,21.0
1ikkSNo9RKAaD9zxue6IYz3xNTdgU5eSI,Miguel Merino Distribuciones SL,2026-06-22,"032502  J.WALKER BLUE 0,7L(6U)",bebida,alcohol,Johnnie Walker,botella,70cl,2.0,191.11,382.22,21.0
1ikkSNo9RKAaD9zxue6IYz3xNTdgU5eSI,Miguel Merino Distribuciones SL,2026-06-22,"041789  MACARONESIAN GIN 0,7L(6U)",bebida,alcohol,Macaronesian,botella,70cl,1.0,17.2,17.2,21.0
1ikkSNo9RKAaD9zxue6IYz3xNTdgU5eSI,Miguel Merino Distribuciones SL,2026-06-22,"043982  BOLD CREW WHISKY 0,7L(6U)",bebida,alcohol,Bold Crew,botella,70cl,1.0,11.1,11.1,21.0
1_MaEHrbBkbNX1XP9AjjVedyLbs_IioJg,Makro,2026-06-17,MANTEQUILLA MC BQ 1KG,comida,,Metro Chef,bloque,1kg,1.0,9.21,9.21,10.0
1_MaEHrbBkbNX1XP9AjjVedyLbs_IioJg,Makro,2026-06-17,QSO ESCAMAS CURADO ARO 500G,comida,,Aro,bolsa,500g,1.0,7.95,7.95,4.0
1_MaEHrbBkbNX1XP9AjjVedyLbs_IioJg,Makro,2026-06-17,QSO EMMENTAL LONCH LAFUENT 1KG,comida,,Lafuente,paquete,1kg,1.0,8.75,8.75,4.0
1_MaEHrbBkbNX1XP9AjjVedyLbs_IioJg,Makro,2026-06-17,BURRATA 125GX5 LAFUENTE,comida,,Lafuente,tarrina,5x125g,1.0,9.25,9.25,4.0
1_MaEHrbBkbNX1XP9AjjVedyLbs_IioJg,Makro,2026-06-17,QSO HAVARTI LONCH ARLA 300G,comida,,Arla,bandeja,300g,2.0,5.15,10.3,4.0
1_MaEHrbBkbNX1XP9AjjVedyLbs_IioJg,Makro,2026-06-17,LONCHAS TIPO CHEDD 1KG LAFUENT,comida,,Lafuente,paquete,1kg,1.0,5.99,5.99,10.0
1_MaEHrbBkbNX1XP9AjjVedyLbs_IioJg,Makro,2026-06-17,SALMOREJO S/GLUTEN PET MC 1L,comida,,Metro Chef,botella,1L,1.0,3.29,3.29,10.0
1_MaEHrbBkbNX1XP9AjjVedyLbs_IioJg,Makro,2026-06-17,PULLED PORK BBQ BL 550G TULIP,comida,,Tulip,estuche,550g,1.0,7.75,7.75,10.0
1_MaEHrbBkbNX1XP9AjjVedyLbs_IioJg,Makro,2026-06-17,PREPAR. ENSALADILLA MC BL 2KG,comida,,Metro Chef,bolsa,2kg,2.0,6.95,13.9,10.0
1_MaEHrbBkbNX1XP9AjjVedyLbs_IioJg,Makro,2026-06-17,HUMMUS CLASICO 500G YGRIEGA,comida,,Ygriega,tarrina,500g,2.0,1.75,3.5,10.0
1_MaEHrbBkbNX1XP9AjjVedyLbs_IioJg,Makro,2026-06-17,COLA GAMBA SAL 130/200 MC 900G,comida,,Metro Chef,tarrina,900g,1.0,17.49,17.49,10.0
1_MaEHrbBkbNX1XP9AjjVedyLbs_IioJg,Makro,2026-06-17,ZURRAPA LOMO ICARBEN TA 500G,comida,,Icarben,tarro,500g,1.0,5.55,5.55,10.0
1_MaEHrbBkbNX1XP9AjjVedyLbs_IioJg,Makro,2026-06-17,SOBRASADA IB TA 250G LEGADO,comida,,Legado,tarrina,250g,2.0,2.09,4.18,10.0
1_MaEHrbBkbNX1XP9AjjVedyLbs_IioJg,Makro,2026-06-17,LIMON MC C-4/5 MA 2KG,comida,,Metro Chef,malla,2kg,1.0,6.79,6.79,4.0
1_MaEHrbBkbNX1XP9AjjVedyLbs_IioJg,Makro,2026-06-17,GERMINADOS RABANITOS ROSAS 90G,comida,,,bandeja,90g,1.0,2.39,2.39,4.0
1_MaEHrbBkbNX1XP9AjjVedyLbs_IioJg,Makro,2026-06-17,RABANITOS TA 500 GR,comida,,,tarrina,500g,1.0,2.59,2.59,4.0
1_MaEHrbBkbNX1XP9AjjVedyLbs_IioJg,Makro,2026-06-17,APIO VDE BL 500G,comida,,,bolsa,500g,1.0,1.42,1.42,4.0
1_MaEHrbBkbNX1XP9AjjVedyLbs_IioJg,Makro,2026-06-17,ZANAHORIA MC C-25/35MM 2KG,comida,,Metro Chef,bolsa,2kg,1.0,2.49,2.49,4.0
1_MaEHrbBkbNX1XP9AjjVedyLbs_IioJg,Makro,2026-06-17,CHERRY ATIGRADO MC C-M TA 500G,comida,,Metro Chef,bandeja,500g,2.0,2.15,4.3,4.0
1_MaEHrbBkbNX1XP9AjjVedyLbs_IioJg,Makro,2026-06-17,TOMATE BEEF MC C-GG MAD4/5 BJ,comida,,Metro Chef,kg,"1,296kg",1.296,2.95,3.82,4.0
1_MaEHrbBkbNX1XP9AjjVedyLbs_IioJg,Makro,2026-06-17,TOMATE BEEF MC C-GG MAD4/5 BJ,comida,,Metro Chef,kg,"1,199kg",1.199,2.95,3.54,4.0
1_MaEHrbBkbNX1XP9AjjVedyLbs_IioJg,Makro,2026-06-17,RUCULA SELVATICA BL 50GR,comida,,,bolsa,50g,2.0,1.15,2.3,4.0
1_MaEHrbBkbNX1XP9AjjVedyLbs_IioJg,Makro,2026-06-17,CANONIGOS BL200G,comida,,,bolsa,200g,2.0,2.29,4.58,4.0
1_MaEHrbBkbNX1XP9AjjVedyLbs_IioJg,Makro,2026-06-17,TOMATE RALLADO MC BT 1 L,comida,,Metro Chef,botella,1L,1.0,4.35,4.35,10.0
1_MaEHrbBkbNX1XP9AjjVedyLbs_IioJg,Makro,2026-06-17,GUACAMOLE SUAVE MC TA 1 KG,comida,,Metro Chef,tarrina,1kg,1.0,5.75,5.75,10.0
1_MaEHrbBkbNX1XP9AjjVedyLbs_IioJg,Makro,2026-06-17,ATUN FILETE NAT BL 950GNE BENI,comida,,,lata,950g neto escurrido,2.0,6.69,13.38,10.0
1_MaEHrbBkbNX1XP9AjjVedyLbs_IioJg,Makro,2026-06-17,PIPARRA MC FR 150GNE,comida,,Metro Chef,frasco,150g neto escurrido,1.0,5.15,5.15,10.0
1_MaEHrbBkbNX1XP9AjjVedyLbs_IioJg,Makro,2026-06-17,CURRY MC 450G,comida,,Metro Chef,tarro,450g,1.0,4.05,4.05,10.0
1ddhUrlner8coIuRAtkxAfMLmWLiMoPd7,Makro,2026-06-15,REBUJO PICOS ANDRES 25GX50UD,comida,,Andrés,caja,50x25g,1.0,6.69,6.69,4.0
1ddhUrlner8coIuRAtkxAfMLmWLiMoPd7,Makro,2026-06-15,PASAS JUMBO S/P PRUNITA 1KG,comida,,Prunita,bolsa,1kg,1.0,7.85,7.85,4.0
1ddhUrlner8coIuRAtkxAfMLmWLiMoPd7,Makro,2026-06-15,ALMENDRA MARC FRIT SAL MC 500G,comida,,Makro Chef,bolsa,500g,1.0,13.25,13.25,10.0
1ddhUrlner8coIuRAtkxAfMLmWLiMoPd7,Makro,2026-06-15,NUEZ MONDADA CHILE MC 500G,comida,,Makro Chef,bolsa,500g,1.0,8.99,8.99,4.0
1ddhUrlner8coIuRAtkxAfMLmWLiMoPd7,Makro,2026-06-15,ENSAL PMTO PIQ ALSUR 355GNE,comida,,Alsur,lata,355g,2.0,2.55,5.1,10.0
1ddhUrlner8coIuRAtkxAfMLmWLiMoPd7,Makro,2026-06-15,TOMATE FRITO MARTINETE 415G,comida,,Martinete,bote,415g,3.0,1.09,3.27,10.0
1ddhUrlner8coIuRAtkxAfMLmWLiMoPd7,Makro,2026-06-15,PMTO PIQ-AJILLO RIOVER FR310GN,comida,,Rioverde,frasco,310g,1.0,2.39,2.39,10.0
1ddhUrlner8coIuRAtkxAfMLmWLiMoPd7,Makro,2026-06-15,PEPINIL.SAND.AGRID.B.CAM.370GN,comida,,,frasco,370g,2.0,3.09,6.18,10.0
1ddhUrlner8coIuRAtkxAfMLmWLiMoPd7,Makro,2026-06-15,COCKTAIL ACTE SARAS LT 600GNE,comida,,Saras,lata,600g,3.0,5.85,17.55,10.0
1ddhUrlner8coIuRAtkxAfMLmWLiMoPd7,Makro,2026-06-15,AOVE OLEOESTEPA 1L,comida,,Oleoestepa,botella,1L,1.0,7.39,7.39,4.0
1ddhUrlner8coIuRAtkxAfMLmWLiMoPd7,Makro,2026-06-15,SAL MALDON CUBO 570GR,comida,,Maldon,cubo,570g,1.0,10.65,10.65,10.0
1ddhUrlner8coIuRAtkxAfMLmWLiMoPd7,Makro,2026-06-15,CEBOLLINO MC 70G,comida,,Makro Chef,tarro,70g,1.0,3.79,3.79,10.0
1ddhUrlner8coIuRAtkxAfMLmWLiMoPd7,Makro,2026-06-15,CURCUMA MOLIDA MC 500G,comida,,Makro Chef,tarro,500g,1.0,3.29,3.29,10.0
1ddhUrlner8coIuRAtkxAfMLmWLiMoPd7,Makro,2026-06-15,PIMIENTA NEGRA MOLIDA MC 550G,comida,,Makro Chef,tarro,550g,1.0,7.82,7.82,10.0
1ddhUrlner8coIuRAtkxAfMLmWLiMoPd7,Makro,2026-06-15,PIMENTON DULCE DOP MPM 500GR,comida,,,bote,500g,1.0,7.49,7.49,10.0
1ddhUrlner8coIuRAtkxAfMLmWLiMoPd7,Makro,2026-06-15,WASABI PASTA BLUE DRAGON 45G,comida,,Blue Dragon,ud,45g,1.0,2.4,2.4,10.0
1ddhUrlner8coIuRAtkxAfMLmWLiMoPd7,Makro,2026-06-15,SSA TARTARA TUSCE 1KG,comida,,Tusce,bote,1kg,1.0,7.45,7.45,10.0
1ddhUrlner8coIuRAtkxAfMLmWLiMoPd7,Makro,2026-06-15,MOSTAZA DIJON BORNIER 720G,comida,,Bornier,frasco,720g,1.0,5.45,5.45,10.0
1ddhUrlner8coIuRAtkxAfMLmWLiMoPd7,Makro,2026-06-15,"MAYONESA YBARRA 1,8L",comida,,Ybarra,bote,"1,8L",1.0,8.05,8.05,10.0
1ddhUrlner8coIuRAtkxAfMLmWLiMoPd7,Makro,2026-06-15,SSA PESTO GENOVESE MC 980G,comida,,Makro Chef,ud,980g,1.0,7.15,7.15,10.0
1ddhUrlner8coIuRAtkxAfMLmWLiMoPd7,Makro,2026-06-15,SSA CALÇOTS FERRER 645G,comida,,Ferrer,bote,645g,1.0,4.69,4.69,10.0
1ddhUrlner8coIuRAtkxAfMLmWLiMoPd7,Makro,2026-06-15,PATATAS FRITAS MADRILEÑA 1KG,comida,,Madrileña,caja,1kg,1.0,5.43,5.43,10.0
1ddhUrlner8coIuRAtkxAfMLmWLiMoPd7,Makro,2026-06-15,FILM TRANS MPRO 300MX29CM 7MC,otros_consumo,,Metro Professional,rollo,300m x 29cm,1.0,6.95,6.95,21.0
1ddhUrlner8coIuRAtkxAfMLmWLiMoPd7,Makro,2026-06-15,PAPEL HORNO ARO 50MX30CM,otros_consumo,,Aro,rollo,50m x 30cm,1.0,5.09,5.09,21.0
1ddhUrlner8coIuRAtkxAfMLmWLiMoPd7,Makro,2026-06-15,BOWL ENSALADERA MPRO 7CM,otros_consumo,,Metro Professional,caja,6 ud,1.0,6.95,6.95,21.0
1ddhUrlner8coIuRAtkxAfMLmWLiMoPd7,Makro,2026-06-15,BOWL ENSALADERA MPRO 9CM,otros_consumo,,Metro Professional,caja,6 ud,1.0,8.15,8.15,21.0
1ddhUrlner8coIuRAtkxAfMLmWLiMoPd7,Makro,2026-06-15,BOWL ENSALADERA MPRO 12CM,otros_consumo,,Metro Professional,caja,6 ud,1.0,10.55,10.55,21.0
1ddhUrlner8coIuRAtkxAfMLmWLiMoPd7,Makro,2026-06-15,PELADOR UNIVERSAL INOX 11CM,otros_consumo,,,ud,,1.0,3.15,3.15,21.0
1ddhUrlner8coIuRAtkxAfMLmWLiMoPd7,Makro,2026-06-15,ESPATULA PLANCHA INOX 10X11.5C,otros_consumo,,,ud,,1.0,3.69,3.69,21.0
1ddhUrlner8coIuRAtkxAfMLmWLiMoPd7,Makro,2026-06-15,TIJERA COCINA 235 MM,otros_consumo,,,ud,,1.0,7.99,7.99,21.0
1ddhUrlner8coIuRAtkxAfMLmWLiMoPd7,Makro,2026-06-15,ESPATULA SILICONA MPRO 36CM,otros_consumo,,Metro Professional,ud,,1.0,6.29,6.29,21.0
1ddhUrlner8coIuRAtkxAfMLmWLiMoPd7,Makro,2026-06-15,BATIDOR INOX MPRO 29CM,otros_consumo,,Metro Professional,ud,,1.0,4.95,4.95,21.0
1ddhUrlner8coIuRAtkxAfMLmWLiMoPd7,Makro,2026-06-15,BOWL REDONDO INOX MPRO 24CM,otros_consumo,,Metro Professional,ud,,2.0,6.95,13.9,21.0
1ddhUrlner8coIuRAtkxAfMLmWLiMoPd7,Makro,2026-06-15,BOWL REDONDO INOX MPRO 30 CM,otros_consumo,,Metro Professional,ud,,2.0,12.95,25.9,21.0
1ddhUrlner8coIuRAtkxAfMLmWLiMoPd7,Makro,2026-06-15,TABLA CORTE ARO BCA 40X30X1.5C,otros_consumo,,Aro,ud,"40x30x1,5cm",1.0,13.05,13.05,21.0
1ddhUrlner8coIuRAtkxAfMLmWLiMoPd7,Makro,2026-06-15,PINCEL SILICONA MPRO21/4CM,otros_consumo,,Metro Professional,ud,,1.0,3.95,3.95,21.0
1ddhUrlner8coIuRAtkxAfMLmWLiMoPd7,Makro,2026-06-15,MANGA PASTELERA MPRO 23X45 100,otros_consumo,,Metro Professional,caja,100 ud,1.0,9.45,9.45,21.0
1ddhUrlner8coIuRAtkxAfMLmWLiMoPd7,Makro,2026-06-15,AFILADOR 2 EN 1 MPRO,otros_consumo,,Metro Professional,ud,,1.0,10.2,10.2,21.0
1ddhUrlner8coIuRAtkxAfMLmWLiMoPd7,Makro,2026-06-15,CUCHI CHEF EXP MPRO 200MM,otros_consumo,,Metro Professional,ud,200mm,1.0,10.5,10.5,21.0
1ddhUrlner8coIuRAtkxAfMLmWLiMoPd7,Makro,2026-06-15,CUCHI PASTEL A/SLIP MPRO 260MM,otros_consumo,,Metro Professional,ud,260mm,1.0,9.95,9.95,21.0
1ddhUrlner8coIuRAtkxAfMLmWLiMoPd7,Makro,2026-06-15,BASCULA PAGE COMPACT300 5KG,otros_consumo,,Soehnle,ud,5kg,1.0,13.95,13.95,21.0
1ddhUrlner8coIuRAtkxAfMLmWLiMoPd7,Makro,2026-06-15,ESPATULA FIBRA 40CM S.ROMAIN,otros_consumo,,Saint Romain,ud,40cm,1.0,9.15,9.15,21.0
1ddhUrlner8coIuRAtkxAfMLmWLiMoPd7,Makro,2026-06-15,CUBETA INOX GN 1/1 2CM MPRO,otros_consumo,,Metro Professional,ud,GN 1/1 2cm,4.0,8.5,34.0,21.0
1ddhUrlner8coIuRAtkxAfMLmWLiMoPd7,Makro,2026-06-15,CUBETA INOX GN 1/1 10CM MPRO,otros_consumo,,Metro Professional,ud,GN 1/1 10cm,3.0,12.95,38.85,21.0
1ddhUrlner8coIuRAtkxAfMLmWLiMoPd7,Makro,2026-06-15,"MOLDE RDO INOX 10X4,5CM",otros_consumo,,,ud,"10x4,5cm",1.0,4.15,4.15,21.0
1ddhUrlner8coIuRAtkxAfMLmWLiMoPd7,Makro,2026-06-15,MOLDE RDO INOX 10X6CM,otros_consumo,,,ud,10x6cm,1.0,5.69,5.69,21.0
1ddhUrlner8coIuRAtkxAfMLmWLiMoPd7,Makro,2026-06-15,DOSIFICADOR TRANSP 1040CC 2UD,otros_consumo,,,pack,2x1040cc,1.0,6.35,6.35,21.0
1ddhUrlner8coIuRAtkxAfMLmWLiMoPd7,Makro,2026-06-15,DOSIFICADOR TRANSP. MPRO760CCX,otros_consumo,,Metro Professional,ud,760cc,1.0,7.65,7.65,21.0
1ddhUrlner8coIuRAtkxAfMLmWLiMoPd7,Makro,2026-06-15,FUENT MACA BCO MPRO 30X20CMX6,otros_consumo,,Metro Professional,pack,6 ud 30x20cm,1.0,23.95,23.95,21.0
1ddhUrlner8coIuRAtkxAfMLmWLiMoPd7,Makro,2026-06-15,FUENTE MODERN 21X17 MPRO X6,otros_consumo,,Metro Professional,pack,6 ud 21x17cm,1.0,16.95,16.95,21.0
1ddhUrlner8coIuRAtkxAfMLmWLiMoPd7,Makro,2026-06-15,RAMEQUIN MELAM BC MPRO 7CM X6,otros_consumo,,Metro Professional,pack,6 ud 7cm,1.0,4.95,4.95,21.0
1ddhUrlner8coIuRAtkxAfMLmWLiMoPd7,Makro,2026-06-15,CUCHILLO SANTOKU EXP MPRO 180M,otros_consumo,,Metro Professional,ud,180mm,1.0,12.95,12.95,21.0
1ddhUrlner8coIuRAtkxAfMLmWLiMoPd7,Makro,2026-06-15,BANDEJA OVAL INOX MPRO 20X15CM,otros_consumo,,Metro Professional,ud,20x15cm,1.0,1.55,1.55,21.0
1ddhUrlner8coIuRAtkxAfMLmWLiMoPd7,Makro,2026-06-15,BANDEJA OVAL INOX MPRO 27X18CM,otros_consumo,,Metro Professional,ud,27x18cm,1.0,2.62,2.62,21.0
1ddhUrlner8coIuRAtkxAfMLmWLiMoPd7,Makro,2026-06-15,BANDEJA OVAL BORDE VUELTO 40CM,otros_consumo,,,ud,40cm,1.0,7.45,7.45,21.0
1ddhUrlner8coIuRAtkxAfMLmWLiMoPd7,Makro,2026-06-15,BANDEJA OVAL BORDE VUELTO 30CM,otros_consumo,,,ud,30cm,1.0,4.69,4.69,21.0
1ddhUrlner8coIuRAtkxAfMLmWLiMoPd7,Makro,2026-06-15,BANDEJA OVAL BORDE VUELTO 35CM,otros_consumo,,,ud,35cm,1.0,5.49,5.49,21.0
1ddhUrlner8coIuRAtkxAfMLmWLiMoPd7,Makro,2026-06-15,DELANTAL PETO CRUZADO TEJANO,otros_consumo,,,ud,,2.0,15.99,31.98,21.0
1y9eninvmf5VV3c1y3Dc3otDovqz0OOYN,Hostelera Plato al Centro SLU,2026-06-10,MENU VARIABLE,comida,,,ud,,2.0,51.0,102.0,10.0
1yg-rePkYWSnah9aVZxG0q4Re-t1FaZ6T,Narbona Solís SL,2026-04-01,023905 NAVAJA OL-120 5/8 ESPINALER  REF. 244200,comida,,Espinaler,lata,OL-120,2.0,6.123,12.25,10.0
1yg-rePkYWSnah9aVZxG0q4Re-t1FaZ6T,Narbona Solís SL,2026-04-01,029121 CARACOL OL-120  ESPINALER REF. 290111,comida,,Espinaler,lata,OL-120,2.0,3.795,7.59,10.0
1yg-rePkYWSnah9aVZxG0q4Re-t1FaZ6T,Narbona Solís SL,2026-04-01,023674 HIGADO DE BACALAO RR-125 ESPINALER REF,comida,,Espinaler,lata,RR-125,1.0,3.274,3.27,10.0
1yg-rePkYWSnah9aVZxG0q4Re-t1FaZ6T,Narbona Solís SL,2026-04-01,025051 ALMEJON AL NATURAL OL-120 ESPINALER  REF.,comida,,Espinaler,lata,OL-120,1.0,1.753,1.75,10.0
1yg-rePkYWSnah9aVZxG0q4Re-t1FaZ6T,Narbona Solís SL,2026-04-01,023671 SALSA BOTELLIN 92ML ESPINALER REF 299075,comida,,Espinaler,botella,92ml,1.0,1.863,0.0,10.0
1yg-rePkYWSnah9aVZxG0q4Re-t1FaZ6T,Narbona Solís SL,2026-04-01,023916 PIPARRAS T-60GR ESPINALER REF. 287187,comida,,Espinaler,tarro,60g,1.0,3.712,3.71,10.0
1yg-rePkYWSnah9aVZxG0q4Re-t1FaZ6T,Narbona Solís SL,2026-04-01,025319 SALSA CHILE HABANERO BOTELLIN 92ML,comida,,Espinaler,botella,92ml,1.0,1.973,1.97,10.0
1yg-rePkYWSnah9aVZxG0q4Re-t1FaZ6T,Narbona Solís SL,2026-04-01,023672 SALSA PICANTE BOTELLIN 92ML ESPINALER REF,comida,,Espinaler,botella,92ml,1.0,1.863,1.86,10.0
1yg-rePkYWSnah9aVZxG0q4Re-t1FaZ6T,Narbona Solís SL,2026-04-01,023663 #VERMUT VINTAGE 50CL  ESPINALER REF.112051,bebida,vino,Espinaler,botella,50cl,1.0,5.205,0.0,10.0
13upGkzmxJt_eaiJmViShlNSoHeXlmG3N,Coca-Cola European Partners Iberia SLU,2026-07-01,COCACOLA VR237 C24,bebida,refresco,Coca-Cola,caja retornable,24x237ml,4.0,17.83,71.33,21.0
13upGkzmxJt_eaiJmViShlNSoHeXlmG3N,Coca-Cola European Partners Iberia SLU,2026-07-01,COCACOLA ZER VR237 C24,bebida,refresco,Coca-Cola Zero,caja retornable,24x237ml,4.0,17.83,71.33,21.0
13upGkzmxJt_eaiJmViShlNSoHeXlmG3N,Coca-Cola European Partners Iberia SLU,2026-07-01,FUZE LIMON VR30 C24,bebida,refresco,Fuze Tea,caja retornable,24x300ml,1.0,17.74,17.74,21.0
14HnO1zDW2wyRdOCj5DA2g6CKE3FLW0Ou,Melgarejo Distribuidores de Bebidas SL,2026-06-30,1.55 BARRIL CRUZCAMPO 50L,bebida,cerveza,Cruzcampo,barril,50L,3.0,168.0,504.0,21.0
14HnO1zDW2wyRdOCj5DA2g6CKE3FLW0Ou,Melgarejo Distribuidores de Bebidas SL,2026-06-30,7032 VASOS MACETA PABLO,otros_consumo,,,,,5.0,,0.0,
14HnO1zDW2wyRdOCj5DA2g6CKE3FLW0Ou,Melgarejo Distribuidores de Bebidas SL,2026-06-30,1.131 1/3 RET. HEINEKEN LONG NECK (dto 30%),bebida,cerveza,Heineken,botellin,24x33cl,2.0,40.88,57.25,21.0
14HnO1zDW2wyRdOCj5DA2g6CKE3FLW0Ou,Melgarejo Distribuidores de Bebidas SL,2026-06-30,10073 BTLL HITO 75CL,bebida,vino,Hito (Cepa 21),,75cl,5.0,9.04,45.2,21.0
14HnO1zDW2wyRdOCj5DA2g6CKE3FLW0Ou,Melgarejo Distribuidores de Bebidas SL,2026-06-30,10073 BTLL HITO 75CL ** Promocion **,bebida,vino,Hito (Cepa 21),,75cl,1.0,0.0,0.0,
14HnO1zDW2wyRdOCj5DA2g6CKE3FLW0Ou,Melgarejo Distribuidores de Bebidas SL,2026-06-30,20003 BTLLA HITO ROSADO 75CL,bebida,vino,Hito (Cepa 21),,75cl,6.0,7.58,45.48,21.0
14HnO1zDW2wyRdOCj5DA2g6CKE3FLW0Ou,Melgarejo Distribuidores de Bebidas SL,2026-06-30,4.200 TUBO 10 KILOS CO2,otros_consumo,,,,10kg,1.0,31.5,31.5,21.0
14HnO1zDW2wyRdOCj5DA2g6CKE3FLW0Ou,Melgarejo Distribuidores de Bebidas SL,2026-06-30,45393 BTLLA RV GINEBRA RIVES 70 CL (dto 3%),bebida,alcohol,Rives,,70cl,12.0,8.41,97.89,21.0
14HnO1zDW2wyRdOCj5DA2g6CKE3FLW0Ou,Melgarejo Distribuidores de Bebidas SL,2026-06-30,45799 RIVES ESPECIAL 70CL (dto 3%),bebida,alcohol,Rives,,70cl,6.0,19.52,113.61,21.0
14HnO1zDW2wyRdOCj5DA2g6CKE3FLW0Ou,Melgarejo Distribuidores de Bebidas SL,2026-06-30,45805 RIVES LONDON 1880 70cl (dto 3%),bebida,alcohol,Rives,,70cl,6.0,12.35,71.88,21.0
14HnO1zDW2wyRdOCj5DA2g6CKE3FLW0Ou,Melgarejo Distribuidores de Bebidas SL,2026-06-30,"45808 RIVES GIN EXOTICA 70CL (dto 3,01%)",bebida,alcohol,Rives,,70cl,6.0,12.59,73.27,21.0
14HnO1zDW2wyRdOCj5DA2g6CKE3FLW0Ou,Melgarejo Distribuidores de Bebidas SL,2026-06-30,"47797 LICOR AMOR AMARETTO RIVES 70cl (dto 3,01%)",bebida,alcohol,Rives,,70cl,6.0,7.92,46.09,21.0
14HnO1zDW2wyRdOCj5DA2g6CKE3FLW0Ou,Melgarejo Distribuidores de Bebidas SL,2026-06-30,50060 BTLLA. FINO QUINTA 75cl,bebida,vino,Osborne (Fino Quinta),,75cl,5.0,5.42,27.11,21.0
14HnO1zDW2wyRdOCj5DA2g6CKE3FLW0Ou,Melgarejo Distribuidores de Bebidas SL,2026-06-30,50060 BTLLA. FINO QUINTA 75cl ** Promocion **,bebida,vino,Osborne (Fino Quinta),,75cl,1.0,0.0,0.0,
14HnO1zDW2wyRdOCj5DA2g6CKE3FLW0Ou,Melgarejo Distribuidores de Bebidas SL,2026-06-30,"51965 HEINEKEN 0.0% 33cl 24 UDS (dto 29,99%)",bebida,cerveza,Heineken,botellin,24x33cl,2.0,42.59,59.65,21.0
14HnO1zDW2wyRdOCj5DA2g6CKE3FLW0Ou,Melgarejo Distribuidores de Bebidas SL,2026-06-30,56031 RED BULL ENERG 25cl 24 UDS,bebida,refresco,Red Bull,,24x25cl,4.0,23.55,94.36,21.0
14HnO1zDW2wyRdOCj5DA2g6CKE3FLW0Ou,Melgarejo Distribuidores de Bebidas SL,2026-06-30,"56082 CRUZCAMPO SIN GLUTEN 33cl. 12 UDS (dto 20,01%)",bebida,cerveza,Cruzcampo,botellin,12x33cl,2.0,18.29,29.57,21.0
14HnO1zDW2wyRdOCj5DA2g6CKE3FLW0Ou,Melgarejo Distribuidores de Bebidas SL,2026-06-30,56799 DESPERADOS 33cl 24 UDS (dto 45%),bebida,cerveza,Desperados,botellin,24x33cl,1.0,62.93,34.97,21.0
14HnO1zDW2wyRdOCj5DA2g6CKE3FLW0Ou,Melgarejo Distribuidores de Bebidas SL,2026-06-30,"59118 C.C RADLER 33cl 24 UDS (dto 32,99%)",bebida,cerveza,Cruzcampo,botellin,24x33cl,1.0,38.16,25.58,21.0
14HnO1zDW2wyRdOCj5DA2g6CKE3FLW0Ou,Melgarejo Distribuidores de Bebidas SL,2026-06-30,61784 1/3 CRUZCAMPO PILSEN RET (dto 30%),bebida,cerveza,Cruzcampo,botellin,24x33cl,8.0,33.06,185.22,21.0
14HnO1zDW2wyRdOCj5DA2g6CKE3FLW0Ou,Melgarejo Distribuidores de Bebidas SL,2026-06-30,"67997 CRUZCAMPO 1904 BR CAJA 24X33 CL (dto 25,99%)",bebida,cerveza,Cruzcampo,botellin,24x33cl,1.0,35.21,26.07,21.0
14HnO1zDW2wyRdOCj5DA2g6CKE3FLW0Ou,Melgarejo Distribuidores de Bebidas SL,2026-06-30,87067 SEVEN FREE RET 200 CC (dto 30%),bebida,refresco,7Up,,20cl (caja retornable),6.0,23.28,97.78,21.0
14HnO1zDW2wyRdOCj5DA2g6CKE3FLW0Ou,Melgarejo Distribuidores de Bebidas SL,2026-06-30,87386 PEPSI MAX AXL RET 200CC (dto 30%),bebida,refresco,Pepsi,,20cl (caja retornable),6.0,24.96,104.83,21.0
14HnO1zDW2wyRdOCj5DA2g6CKE3FLW0Ou,Melgarejo Distribuidores de Bebidas SL,2026-06-30,87388 PEPSI REGULAR AXL RET 200 CC (dto 30%),bebida,refresco,Pepsi,,20cl (caja retornable),6.0,24.96,104.83,21.0
14HnO1zDW2wyRdOCj5DA2g6CKE3FLW0Ou,Melgarejo Distribuidores de Bebidas SL,2026-06-30,91360 AGUA EVIAN CON GAS 200 X33 CL,bebida,agua,Evian,,33cl (caja),3.0,24.58,73.74,10.0
14HnO1zDW2wyRdOCj5DA2g6CKE3FLW0Ou,Melgarejo Distribuidores de Bebidas SL,2026-06-30,"93263 SCH TONIC ZERO 20CL RET 28 UND (dto 30,01%)",bebida,refresco,Schweppes,,28x20cl,1.0,31.92,22.34,21.0
14HnO1zDW2wyRdOCj5DA2g6CKE3FLW0Ou,Melgarejo Distribuidores de Bebidas SL,2026-06-30,900051 BTLL RIOJA E.LIMITADA MONTECILLO,bebida,vino,Montecillo,,75cl,5.0,8.47,42.33,21.0
14HnO1zDW2wyRdOCj5DA2g6CKE3FLW0Ou,Melgarejo Distribuidores de Bebidas SL,2026-06-30,900051 BTLL RIOJA E.LIMITADA MONTECILLO ** Promocion **,bebida,vino,Montecillo,,75cl,1.0,0.0,0.0,
14HnO1zDW2wyRdOCj5DA2g6CKE3FLW0Ou,Melgarejo Distribuidores de Bebidas SL,2026-06-30,930331 AQUAREL PET 33cl 35 UDS,bebida,agua,Nestlé Aquarel,,35x33cl,4.0,5.92,24.16,10.0
14HnO1zDW2wyRdOCj5DA2g6CKE3FLW0Ou,Melgarejo Distribuidores de Bebidas SL,2026-06-30,"1160064 BTLLA WHITE LABEL 0,70 - DEMENTE (dto 24,50%)",bebida,alcohol,Dewar's (White Label),,70cl,24.0,10.24,185.55,21.0
14HnO1zDW2wyRdOCj5DA2g6CKE3FLW0Ou,Melgarejo Distribuidores de Bebidas SL,2026-06-30,1650002 MONTECILLO BLANCO VERDEJO,bebida,vino,Montecillo,,75cl,5.0,6.06,30.29,21.0
14HnO1zDW2wyRdOCj5DA2g6CKE3FLW0Ou,Melgarejo Distribuidores de Bebidas SL,2026-06-30,1650002 MONTECILLO BLANCO VERDEJO ** Promocion **,bebida,vino,Montecillo,,75cl,1.0,0.0,0.0,
14HnO1zDW2wyRdOCj5DA2g6CKE3FLW0Ou,Melgarejo Distribuidores de Bebidas SL,2026-06-30,1800028 BTLLA GIN NORDES,bebida,alcohol,Nordes,,70cl,5.0,21.58,107.88,21.0
14HnO1zDW2wyRdOCj5DA2g6CKE3FLW0Ou,Melgarejo Distribuidores de Bebidas SL,2026-06-30,1800028 BTLLA GIN NORDES ** Promocion **,bebida,alcohol,Nordes,,70cl,1.0,0.0,0.0,
14HnO1zDW2wyRdOCj5DA2g6CKE3FLW0Ou,Melgarejo Distribuidores de Bebidas SL,2026-06-30,2590002 RON AÑEJO 5 AÑOS FLOR DE CAÑA,bebida,alcohol,Flor de Caña,,70cl,5.0,11.08,55.4,21.0
14HnO1zDW2wyRdOCj5DA2g6CKE3FLW0Ou,Melgarejo Distribuidores de Bebidas SL,2026-06-30,2590002 RON AÑEJO 5 AÑOS FLOR DE CAÑA ** Promocion **,bebida,alcohol,Flor de Caña,,70cl,1.0,0.0,0.0,
14HnO1zDW2wyRdOCj5DA2g6CKE3FLW0Ou,Melgarejo Distribuidores de Bebidas SL,2026-06-30,CMM CUBITERA METALICA MONTECILLO BARRA,otros_consumo,,,,,2.0,,0.0,
14HnO1zDW2wyRdOCj5DA2g6CKE3FLW0Ou,Melgarejo Distribuidores de Bebidas SL,2026-06-30,F96176 SCH TONICA RET 28X1X200ML (dto 30%),bebida,refresco,Schweppes,,28x20cl,10.0,31.92,223.44,21.0
14HnO1zDW2wyRdOCj5DA2g6CKE3FLW0Ou,Melgarejo Distribuidores de Bebidas SL,2026-06-30,"F96223 SCH WILD BERRY RET 28X20CL (dto 29,99%)",bebida,refresco,Schweppes,,28x20cl,2.0,26.04,36.46,21.0
14HnO1zDW2wyRdOCj5DA2g6CKE3FLW0Ou,Melgarejo Distribuidores de Bebidas SL,2026-06-30,F98023 LCA TDV LIMON RET 24X1X275ML (dto 30%),bebida,refresco,Trina,,"24x27,5cl",2.0,32.88,46.03,21.0
14HnO1zDW2wyRdOCj5DA2g6CKE3FLW0Ou,Melgarejo Distribuidores de Bebidas SL,2026-06-30,"F98072 LCA TDV GASEOASA RET (dto 29,99%)",bebida,refresco,La Casera,,"24x27,5cl",1.0,32.88,23.02,21.0
14HnO1zDW2wyRdOCj5DA2g6CKE3FLW0Ou,Melgarejo Distribuidores de Bebidas SL,2026-06-30,"F98215 SCH NARANJA LOW CAL RET 28X1X200 (dto 29,99%)",bebida,refresco,Schweppes,,28x20cl,2.0,26.04,36.46,21.0
14HnO1zDW2wyRdOCj5DA2g6CKE3FLW0Ou,Melgarejo Distribuidores de Bebidas SL,2026-06-30,F98216 SCH LIMO LOW RET 28X200ML (dto 30%),bebida,refresco,Schweppes,,28x20cl,4.0,26.04,72.91,21.0
14HnO1zDW2wyRdOCj5DA2g6CKE3FLW0Ou,Melgarejo Distribuidores de Bebidas SL,2026-06-30,F98820 SCH GINBEER PREMIUM CHILI 12X20CL,bebida,refresco,Schweppes,,12x20cl,4.0,23.28,93.84,21.0
14HnO1zDW2wyRdOCj5DA2g6CKE3FLW0Ou,Melgarejo Distribuidores de Bebidas SL,2026-06-30,CMM CUBITERA METALICA MONTECILLO BARRA (devolucion),otros_consumo,,,,,-2.0,,0.0,
14HnO1zDW2wyRdOCj5DA2g6CKE3FLW0Ou,Melgarejo Distribuidores de Bebidas SL,2026-06-30,146 FIANZA 1/3 CRUZCAMPO,otros_consumo,,,,,9.0,3.7,33.3,21.0
14HnO1zDW2wyRdOCj5DA2g6CKE3FLW0Ou,Melgarejo Distribuidores de Bebidas SL,2026-06-30,904 FIANZA BARRIL 50 L,otros_consumo,,,,,3.0,12.02,36.06,21.0
14HnO1zDW2wyRdOCj5DA2g6CKE3FLW0Ou,Melgarejo Distribuidores de Bebidas SL,2026-06-30,1.132 FIANZA 1/3 HEINEKEN LONG,otros_consumo,,,,,4.0,3.7,14.8,21.0
14HnO1zDW2wyRdOCj5DA2g6CKE3FLW0Ou,Melgarejo Distribuidores de Bebidas SL,2026-06-30,46428 FIANZA 1/3 AMSTEL RET,otros_consumo,,,,,1.0,3.7,3.7,21.0
14HnO1zDW2wyRdOCj5DA2g6CKE3FLW0Ou,Melgarejo Distribuidores de Bebidas SL,2026-06-30,4.2020 ENVASES TUBOS,otros_consumo,,,,,1.0,50.0,50.0,21.0
14HnO1zDW2wyRdOCj5DA2g6CKE3FLW0Ou,Melgarejo Distribuidores de Bebidas SL,2026-06-30,7007014 CAJA C/BOT SEVEN-UP 200 CC (fianza envase),otros_consumo,,,,,6.0,4.8,28.8,21.0
14HnO1zDW2wyRdOCj5DA2g6CKE3FLW0Ou,Melgarejo Distribuidores de Bebidas SL,2026-06-30,7007046 CAJA C/BOT PEPSI 200 RET (fianza envase),otros_consumo,,,,,12.0,4.8,57.6,21.0
14HnO1zDW2wyRdOCj5DA2g6CKE3FLW0Ou,Melgarejo Distribuidores de Bebidas SL,2026-06-30,"7009120 CAJA C/BOT TRINA 27,5 RET (fianza envase)",otros_consumo,,,,,3.0,4.8,14.4,21.0
14HnO1zDW2wyRdOCj5DA2g6CKE3FLW0Ou,Melgarejo Distribuidores de Bebidas SL,2026-06-30,7009130 CAJA C/BOT SCHWEPPES 200 RET (fianza envase),otros_consumo,,,,,19.0,5.2,98.8,21.0
14HnO1zDW2wyRdOCj5DA2g6CKE3FLW0Ou,Melgarejo Distribuidores de Bebidas SL,2026-06-30,"207120 CC MESA ALTA (comodato, albaran F-30612)",otros_consumo,,,,,10.0,,0.0,
14HnO1zDW2wyRdOCj5DA2g6CKE3FLW0Ou,Melgarejo Distribuidores de Bebidas SL,2026-06-30,"62229221 TABURETES CRUZCAMPO HPTL NEGRA 75X31X31 (comodato, albaran F-30612)",otros_consumo,,,,,40.0,,0.0,
14HnO1zDW2wyRdOCj5DA2g6CKE3FLW0Ou,Melgarejo Distribuidores de Bebidas SL,2026-06-30,"ARMARIO ARMARIO VERTICAL CONSERVACION (comodato, albaran F-30612)",otros_consumo,,,,,1.0,,0.0,
14HnO1zDW2wyRdOCj5DA2g6CKE3FLW0Ou,Melgarejo Distribuidores de Bebidas SL,2026-06-30,"62008986CC MESA NEGRA CRUZCAMPO TERRAZA (comodato, albaran F-30790)",otros_consumo,,,,,4.0,,0.0,
14HnO1zDW2wyRdOCj5DA2g6CKE3FLW0Ou,Melgarejo Distribuidores de Bebidas SL,2026-06-30,"62014351 BOTELLERO METALICO CRUZCAMPO (comodato, albaran F-30790)",otros_consumo,,,,,2.0,,0.0,
14HnO1zDW2wyRdOCj5DA2g6CKE3FLW0Ou,Melgarejo Distribuidores de Bebidas SL,2026-06-30,"62008985CC SILLA NEGRA CRUZCAMPO TERRAZA (comodato, albaran F-30790)",otros_consumo,,,,,16.0,,0.0,
14HnO1zDW2wyRdOCj5DA2g6CKE3FLW0Ou,Melgarejo Distribuidores de Bebidas SL,2026-06-30,1650002 MONTECILLO BLANCO VERDEJO (albaran J-124825),bebida,vino,Montecillo,,75cl,10.0,6.06,60.58,21.0
14HnO1zDW2wyRdOCj5DA2g6CKE3FLW0Ou,Melgarejo Distribuidores de Bebidas SL,2026-06-30,1650002 MONTECILLO BLANCO VERDEJO ** Promocion ** (albaran J-124825),bebida,vino,Montecillo,,75cl,2.0,0.0,0.0,
14HnO1zDW2wyRdOCj5DA2g6CKE3FLW0Ou,Melgarejo Distribuidores de Bebidas SL,2026-06-30,62228086 VASOS MACETA 6x55cl 2024 (albaran J-124825),otros_consumo,,,,6x55cl,5.0,,0.0,
12XFZmMJky-QFGwYUTBLxSwSe5BcwuBGk,Melgarejo Distribuidores de Bebidas SL,2026-07-20,BARRIL CRUZCAMPO 50L,bebida,cerveza,Cruzcampo,barril,50L,2.0,168.0,336.0,21.0
12XFZmMJky-QFGwYUTBLxSwSe5BcwuBGk,Melgarejo Distribuidores de Bebidas SL,2026-07-20,RED BULL ENERG 25cl 24 UDS,bebida,refresco,Red Bull,,24x25cl,5.0,23.55,117.95,21.0
12XFZmMJky-QFGwYUTBLxSwSe5BcwuBGk,Melgarejo Distribuidores de Bebidas SL,2026-07-20,SEVEN FREE RET 200 CC,bebida,refresco,7Up,,caja 200ml RET,2.0,23.28,32.59,21.0
12XFZmMJky-QFGwYUTBLxSwSe5BcwuBGk,Melgarejo Distribuidores de Bebidas SL,2026-07-20,AQUAREL PET 33cl 35 UDS,bebida,agua,Aquarel,,35x33cl,3.0,5.92,18.12,10.0
12XFZmMJky-QFGwYUTBLxSwSe5BcwuBGk,Melgarejo Distribuidores de Bebidas SL,2026-07-20,SCH NARANJA LOW CAL RET 28X1X200,bebida,refresco,Schweppes,,28x200ml,6.0,26.04,93.74,21.0
12XFZmMJky-QFGwYUTBLxSwSe5BcwuBGk,Melgarejo Distribuidores de Bebidas SL,2026-07-20,SCH LIMO LOW RET 28X200ML,bebida,refresco,Schweppes,,28x200ml,6.0,26.04,93.74,21.0
12XFZmMJky-QFGwYUTBLxSwSe5BcwuBGk,Melgarejo Distribuidores de Bebidas SL,2026-07-20,FIANZA BARRIL 50 L,otros_consumo,,,,,2.0,12.02,24.04,21.0
12XFZmMJky-QFGwYUTBLxSwSe5BcwuBGk,Melgarejo Distribuidores de Bebidas SL,2026-07-20,CAJA C/BOT SEVEN-UP 200 CC,otros_consumo,,,,,2.0,4.8,9.6,21.0
12XFZmMJky-QFGwYUTBLxSwSe5BcwuBGk,Melgarejo Distribuidores de Bebidas SL,2026-07-20,CAJA C/BOT SCHWEPPES 200 RET,otros_consumo,,,,,12.0,5.2,62.4,21.0
12XFZmMJky-QFGwYUTBLxSwSe5BcwuBGk,Melgarejo Distribuidores de Bebidas SL,2026-07-20,PEPSI MAX AXL RET 200CC,bebida,refresco,Pepsi,,caja 200ml RET,3.0,24.96,48.67,21.0
12XFZmMJky-QFGwYUTBLxSwSe5BcwuBGk,Melgarejo Distribuidores de Bebidas SL,2026-07-20,SCH LIMO LOW RET 28X200ML,bebida,refresco,Schweppes,,28x200ml,3.0,26.04,46.87,21.0
12XFZmMJky-QFGwYUTBLxSwSe5BcwuBGk,Melgarejo Distribuidores de Bebidas SL,2026-07-20,CAJA C/BOT SCHWEPPES 200 RET,otros_consumo,,,,,-19.0,5.2,-98.8,21.0
12XFZmMJky-QFGwYUTBLxSwSe5BcwuBGk,Melgarejo Distribuidores de Bebidas SL,2026-07-20,CAJA C/BOT SEVEN-UP 200 CC,otros_consumo,,,,,-6.0,4.8,-28.8,21.0
12XFZmMJky-QFGwYUTBLxSwSe5BcwuBGk,Melgarejo Distribuidores de Bebidas SL,2026-07-20,CAJA C/BOT PEPSI 200 RET,otros_consumo,,,,,-2.0,4.8,-9.6,21.0
12XFZmMJky-QFGwYUTBLxSwSe5BcwuBGk,Melgarejo Distribuidores de Bebidas SL,2026-07-20,CAJA C/BOT PEPSI 200 RET,otros_consumo,,,,,3.0,4.8,14.4,21.0
12XFZmMJky-QFGwYUTBLxSwSe5BcwuBGk,Melgarejo Distribuidores de Bebidas SL,2026-07-20,CAJA C/BOT SCHWEPPES 200 RET,otros_consumo,,,,,3.0,5.2,15.6,21.0
12XFZmMJky-QFGwYUTBLxSwSe5BcwuBGk,Melgarejo Distribuidores de Bebidas SL,2026-07-20,BTLLA BARCELO AÑEJO RON 70cl,bebida,alcohol,Ron Barceló,,70cl,6.0,12.36,69.71,21.0
12XFZmMJky-QFGwYUTBLxSwSe5BcwuBGk,Melgarejo Distribuidores de Bebidas SL,2026-07-20,VASOS MACETA PABLO,otros_consumo,,,,,4.0,0.0,0.0,21.0
12XFZmMJky-QFGwYUTBLxSwSe5BcwuBGk,Melgarejo Distribuidores de Bebidas SL,2026-07-20,BTLLA RV GINEBRA RIVES 70 CL,bebida,alcohol,Rives,,70cl,12.0,8.41,97.89,21.0
12XFZmMJky-QFGwYUTBLxSwSe5BcwuBGk,Melgarejo Distribuidores de Bebidas SL,2026-07-20,CRUZCAMPO SIN GLUTEN 33cl. 12 UDS,bebida,cerveza,Cruzcampo,botellin,12x33cl,1.0,18.29,14.78,21.0
12XFZmMJky-QFGwYUTBLxSwSe5BcwuBGk,Melgarejo Distribuidores de Bebidas SL,2026-07-20,1/3 CRUZCAMPO PILSEN RET,bebida,cerveza,Cruzcampo,botellin,24x33cl,4.0,33.06,92.61,21.0
12XFZmMJky-QFGwYUTBLxSwSe5BcwuBGk,Melgarejo Distribuidores de Bebidas SL,2026-07-20,SEVEN FREE RET 200 CC,bebida,refresco,7Up,,caja 200ml RET,2.0,23.28,32.59,21.0
12XFZmMJky-QFGwYUTBLxSwSe5BcwuBGk,Melgarejo Distribuidores de Bebidas SL,2026-07-20,PEPSI MAX AXL RET 200CC,bebida,refresco,Pepsi,,caja 200ml RET,3.0,24.96,48.67,21.0
12XFZmMJky-QFGwYUTBLxSwSe5BcwuBGk,Melgarejo Distribuidores de Bebidas SL,2026-07-20,PEPSI REGULAR AXL RET 200 CC,bebida,refresco,Pepsi,,caja 200ml RET,4.0,24.96,64.9,21.0
12XFZmMJky-QFGwYUTBLxSwSe5BcwuBGk,Melgarejo Distribuidores de Bebidas SL,2026-07-20,AGUA EVIAN CON GAS 200 X33 CL,bebida,agua,Evian,,33x20cl,1.0,24.58,24.58,10.0
12XFZmMJky-QFGwYUTBLxSwSe5BcwuBGk,Melgarejo Distribuidores de Bebidas SL,2026-07-20,AQUAREL PET 33cl 35 UDS,bebida,agua,Aquarel,,35x33cl,1.0,5.92,6.04,10.0
12XFZmMJky-QFGwYUTBLxSwSe5BcwuBGk,Melgarejo Distribuidores de Bebidas SL,2026-07-20,"BTLLA WHITE LABEL 0,70 - DEMENTE",bebida,alcohol,Dewar's White Label,,70cl,12.0,10.24,92.77,21.0
12XFZmMJky-QFGwYUTBLxSwSe5BcwuBGk,Melgarejo Distribuidores de Bebidas SL,2026-07-20,MONTECILLO BLANCO VERDEJO,bebida,vino,Montecillo,,75cl,10.0,6.06,60.58,21.0
12XFZmMJky-QFGwYUTBLxSwSe5BcwuBGk,Melgarejo Distribuidores de Bebidas SL,2026-07-20,MONTECILLO BLANCO VERDEJO ** Promocion **,bebida,vino,Montecillo,,75cl,2.0,0.0,0.0,21.0
12XFZmMJky-QFGwYUTBLxSwSe5BcwuBGk,Melgarejo Distribuidores de Bebidas SL,2026-07-20,SCH TONICA RET 28X1X200ML,bebida,refresco,Schweppes,,28x200ml,12.0,31.92,268.13,21.0
12XFZmMJky-QFGwYUTBLxSwSe5BcwuBGk,Melgarejo Distribuidores de Bebidas SL,2026-07-20,SCH LIMO LOW RET 28X200ML,bebida,refresco,Schweppes,,28x200ml,4.0,26.04,62.5,21.0
12XFZmMJky-QFGwYUTBLxSwSe5BcwuBGk,Melgarejo Distribuidores de Bebidas SL,2026-07-20,SCH LIMO LOW RET 28X200ML,bebida,refresco,Schweppes,,28x200ml,3.0,26.04,46.87,21.0
12XFZmMJky-QFGwYUTBLxSwSe5BcwuBGk,Melgarejo Distribuidores de Bebidas SL,2026-07-20,SCH LIMO LOW RET 28X200ML (abono),bebida,refresco,Schweppes,,28x200ml,-4.0,26.04,-62.5,21.0
12XFZmMJky-QFGwYUTBLxSwSe5BcwuBGk,Melgarejo Distribuidores de Bebidas SL,2026-07-20,FIANZA 1/3 CRUZCAMPO,otros_consumo,,,,,4.0,3.7,14.8,21.0
12XFZmMJky-QFGwYUTBLxSwSe5BcwuBGk,Melgarejo Distribuidores de Bebidas SL,2026-07-20,CAJA C/BOT SEVEN-UP 200 CC,otros_consumo,,,,,2.0,4.8,9.6,21.0
12XFZmMJky-QFGwYUTBLxSwSe5BcwuBGk,Melgarejo Distribuidores de Bebidas SL,2026-07-20,CAJA C/BOT PEPSI 200 RET,otros_consumo,,,,,7.0,4.8,33.6,21.0
12XFZmMJky-QFGwYUTBLxSwSe5BcwuBGk,Melgarejo Distribuidores de Bebidas SL,2026-07-20,CAJA C/BOT SCHWEPPES 200 RET,otros_consumo,,,,,15.0,5.2,78.0,21.0
12XFZmMJky-QFGwYUTBLxSwSe5BcwuBGk,Melgarejo Distribuidores de Bebidas SL,2026-07-20,BARRIL CRUZCAMPO 50L,bebida,cerveza,Cruzcampo,barril,50L,2.0,168.0,336.0,21.0
12XFZmMJky-QFGwYUTBLxSwSe5BcwuBGk,Melgarejo Distribuidores de Bebidas SL,2026-07-20,FIANZA BARRIL 50 L (devolución),otros_consumo,,,,,-1.0,12.02,-12.02,21.0
12XFZmMJky-QFGwYUTBLxSwSe5BcwuBGk,Melgarejo Distribuidores de Bebidas SL,2026-07-20,CAJA C/BOT PEPSI 200 RET,otros_consumo,,,,,-12.0,4.8,-57.6,21.0
12XFZmMJky-QFGwYUTBLxSwSe5BcwuBGk,Melgarejo Distribuidores de Bebidas SL,2026-07-20,CAJA C/BOT SCHWEPPES 200 RET,otros_consumo,,,,,-9.0,5.2,-46.8,21.0
12XFZmMJky-QFGwYUTBLxSwSe5BcwuBGk,Melgarejo Distribuidores de Bebidas SL,2026-07-20,FIANZA 1/3 CRUZCAMPO (devolución),otros_consumo,,,,,-4.0,3.7,-14.8,21.0
12XFZmMJky-QFGwYUTBLxSwSe5BcwuBGk,Melgarejo Distribuidores de Bebidas SL,2026-07-20,CAJA C/BOT SEVEN-UP 200 CC,otros_consumo,,,,,-3.0,4.8,-14.4,21.0
12XFZmMJky-QFGwYUTBLxSwSe5BcwuBGk,Melgarejo Distribuidores de Bebidas SL,2026-07-20,FIANZA BARRIL 50 L,otros_consumo,,,,,2.0,12.02,24.04,21.0
12XFZmMJky-QFGwYUTBLxSwSe5BcwuBGk,Melgarejo Distribuidores de Bebidas SL,2026-07-20,PEPSI MAX AXL RET 200CC,bebida,refresco,Pepsi,,caja 200ml RET,4.0,24.96,64.9,21.0
12XFZmMJky-QFGwYUTBLxSwSe5BcwuBGk,Melgarejo Distribuidores de Bebidas SL,2026-07-20,PEPSI REGULAR AXL RET 200 CC,bebida,refresco,Pepsi,,caja 200ml RET,4.0,24.96,64.9,21.0
12XFZmMJky-QFGwYUTBLxSwSe5BcwuBGk,Melgarejo Distribuidores de Bebidas SL,2026-07-20,CAJA C/BOT PEPSI 200 RET,otros_consumo,,,,,-15.0,4.8,-72.0,21.0
12XFZmMJky-QFGwYUTBLxSwSe5BcwuBGk,Melgarejo Distribuidores de Bebidas SL,2026-07-20,CAJA C/BOT SCHWEPPES 200 RET,otros_consumo,,,,,-9.0,5.2,-46.8,21.0
12XFZmMJky-QFGwYUTBLxSwSe5BcwuBGk,Melgarejo Distribuidores de Bebidas SL,2026-07-20,CAJA C/BOT PEPSI 200 RET,otros_consumo,,,,,-2.0,4.8,-9.6,21.0
12XFZmMJky-QFGwYUTBLxSwSe5BcwuBGk,Melgarejo Distribuidores de Bebidas SL,2026-07-20,CAJA C/BOT PEPSI 200 RET,otros_consumo,,,,,8.0,4.8,38.4,21.0
12XFZmMJky-QFGwYUTBLxSwSe5BcwuBGk,Melgarejo Distribuidores de Bebidas SL,2026-07-20,BTLLA BARCELO AÑEJO RON 70cl,bebida,alcohol,Ron Barceló,,70cl,6.0,12.36,69.71,21.0
12XFZmMJky-QFGwYUTBLxSwSe5BcwuBGk,Melgarejo Distribuidores de Bebidas SL,2026-07-20,BTLLA RV GINEBRA RIVES 70 CL,bebida,alcohol,Rives,,70cl,12.0,8.41,97.89,21.0
12XFZmMJky-QFGwYUTBLxSwSe5BcwuBGk,Melgarejo Distribuidores de Bebidas SL,2026-07-20,C.C RADLER 33cl 24 UDS,bebida,cerveza,Cruzcampo,botellin,24x33cl,1.0,38.16,38.17,21.0
12XFZmMJky-QFGwYUTBLxSwSe5BcwuBGk,Melgarejo Distribuidores de Bebidas SL,2026-07-20,SEVEN FREE RET 200 CC,bebida,refresco,7Up,,caja 200ml RET,7.0,23.28,114.07,21.0
12XFZmMJky-QFGwYUTBLxSwSe5BcwuBGk,Melgarejo Distribuidores de Bebidas SL,2026-07-20,PEPSI MAX AXL RET 200CC,bebida,refresco,Pepsi,,caja 200ml RET,3.0,24.96,48.67,21.0
12XFZmMJky-QFGwYUTBLxSwSe5BcwuBGk,Melgarejo Distribuidores de Bebidas SL,2026-07-20,PEPSI REGULAR AXL RET 200 CC,bebida,refresco,Pepsi,,caja 200ml RET,3.0,24.96,48.67,21.0
12XFZmMJky-QFGwYUTBLxSwSe5BcwuBGk,Melgarejo Distribuidores de Bebidas SL,2026-07-20,AGUA EVIAN CON GAS 200 X33 CL,bebida,agua,Evian,,33x20cl,7.0,24.58,172.06,10.0
12XFZmMJky-QFGwYUTBLxSwSe5BcwuBGk,Melgarejo Distribuidores de Bebidas SL,2026-07-20,AQUAREL PET 33cl 35 UDS,bebida,agua,Aquarel,,35x33cl,7.0,5.92,42.29,10.0
12XFZmMJky-QFGwYUTBLxSwSe5BcwuBGk,Melgarejo Distribuidores de Bebidas SL,2026-07-20,"BTLLA WHITE LABEL 0,70 - DEMENTE",bebida,alcohol,Dewar's White Label,,70cl,12.0,10.24,92.77,21.0
12XFZmMJky-QFGwYUTBLxSwSe5BcwuBGk,Melgarejo Distribuidores de Bebidas SL,2026-07-20,SCH TONICA RET 28X1X200ML,bebida,refresco,Schweppes,,28x200ml,10.0,31.92,223.44,21.0
12XFZmMJky-QFGwYUTBLxSwSe5BcwuBGk,Melgarejo Distribuidores de Bebidas SL,2026-07-20,CAJA C/BOT SCHWEPPES 200 RET,otros_consumo,,,,,-8.0,5.2,-41.6,21.0
12XFZmMJky-QFGwYUTBLxSwSe5BcwuBGk,Melgarejo Distribuidores de Bebidas SL,2026-07-20,CAJA C/BOT PEPSI 200 RET,otros_consumo,,,,,-8.0,4.8,-38.4,21.0
12XFZmMJky-QFGwYUTBLxSwSe5BcwuBGk,Melgarejo Distribuidores de Bebidas SL,2026-07-20,CAJA C/BOT SEVEN-UP 200 CC,otros_consumo,,,,,-3.0,4.8,-14.4,21.0
12XFZmMJky-QFGwYUTBLxSwSe5BcwuBGk,Melgarejo Distribuidores de Bebidas SL,2026-07-20,FIANZA 1/3 AMSTEL RET,otros_consumo,,,,,1.0,3.7,3.7,21.0
12XFZmMJky-QFGwYUTBLxSwSe5BcwuBGk,Melgarejo Distribuidores de Bebidas SL,2026-07-20,CAJA C/BOT SEVEN-UP 200 CC,otros_consumo,,,,,7.0,4.8,33.6,21.0
12XFZmMJky-QFGwYUTBLxSwSe5BcwuBGk,Melgarejo Distribuidores de Bebidas SL,2026-07-20,CAJA C/BOT PEPSI 200 RET,otros_consumo,,,,,6.0,4.8,28.8,21.0
12XFZmMJky-QFGwYUTBLxSwSe5BcwuBGk,Melgarejo Distribuidores de Bebidas SL,2026-07-20,CAJA C/BOT SCHWEPPES 200 RET,otros_consumo,,,,,10.0,5.2,52.0,21.0
12XFZmMJky-QFGwYUTBLxSwSe5BcwuBGk,Melgarejo Distribuidores de Bebidas SL,2026-07-20,BTLL RIOJA E.LIMITADA MONTECILLO,bebida,vino,Montecillo,,75cl,5.0,8.47,42.33,21.0
12XFZmMJky-QFGwYUTBLxSwSe5BcwuBGk,Melgarejo Distribuidores de Bebidas SL,2026-07-20,BTLL RIOJA E.LIMITADA MONTECILLO ** Promocion **,bebida,vino,Montecillo,,75cl,1.0,0.0,0.0,21.0
12XFZmMJky-QFGwYUTBLxSwSe5BcwuBGk,Melgarejo Distribuidores de Bebidas SL,2026-07-20,"BTLL. AMPERSAND GIN 0,70",bebida,alcohol,Ampersand,,70cl,5.0,11.23,56.14,21.0
12XFZmMJky-QFGwYUTBLxSwSe5BcwuBGk,Melgarejo Distribuidores de Bebidas SL,2026-07-20,"BTLL. AMPERSAND GIN 0,70 ** Promocion **",bebida,alcohol,Ampersand,,70cl,1.0,0.0,0.0,21.0
12XFZmMJky-QFGwYUTBLxSwSe5BcwuBGk,Melgarejo Distribuidores de Bebidas SL,2026-07-20,RON AÑEJO 5 AÑOS FLOR DE CAÑA,bebida,alcohol,Flor de Caña,,70cl,5.0,11.08,55.4,21.0
12XFZmMJky-QFGwYUTBLxSwSe5BcwuBGk,Melgarejo Distribuidores de Bebidas SL,2026-07-20,RON AÑEJO 5 AÑOS FLOR DE CAÑA ** Promocion **,bebida,alcohol,Flor de Caña,,70cl,1.0,0.0,0.0,21.0
12XFZmMJky-QFGwYUTBLxSwSe5BcwuBGk,Melgarejo Distribuidores de Bebidas SL,2026-07-20,SCH LIMO LOW RET 28X200ML,bebida,refresco,Schweppes,,28x200ml,12.0,26.04,187.49,21.0
12XFZmMJky-QFGwYUTBLxSwSe5BcwuBGk,Melgarejo Distribuidores de Bebidas SL,2026-07-20,CAJA C/BOT SCHWEPPES 200 RET,otros_consumo,,,,,-5.0,5.2,-26.0,21.0
12XFZmMJky-QFGwYUTBLxSwSe5BcwuBGk,Melgarejo Distribuidores de Bebidas SL,2026-07-20,CAJA C/BOT SEVEN-UP 200 CC,otros_consumo,,,,,-2.0,4.8,-9.6,21.0
12XFZmMJky-QFGwYUTBLxSwSe5BcwuBGk,Melgarejo Distribuidores de Bebidas SL,2026-07-20,CAJA C/BOT PEPSI 200 RET,otros_consumo,,,,,-5.0,4.8,-24.0,21.0
12XFZmMJky-QFGwYUTBLxSwSe5BcwuBGk,Melgarejo Distribuidores de Bebidas SL,2026-07-20,CAJA C/BOT SCHWEPPES 200 RET,otros_consumo,,,,,12.0,5.2,62.4,21.0
1R3StpjXXDDGxWlMZvQkSoGUW341iUD63,Melgarejo Distribuidores de Bebidas SL,2026-07-27,BTLLA BARCELO AÑEJO RON 70cl,bebida,alcohol,Ron Barceló,,70cl,6.0,12.36,69.71,21.0
1R3StpjXXDDGxWlMZvQkSoGUW341iUD63,Melgarejo Distribuidores de Bebidas SL,2026-07-27,1/3 RET. HEINEKEN LONG NECK,bebida,cerveza,Heineken,botellin,24x33cl,1.0,40.88,40.89,21.0
1R3StpjXXDDGxWlMZvQkSoGUW341iUD63,Melgarejo Distribuidores de Bebidas SL,2026-07-27,BTLLA RV GINEBRA RIVES 70 CL,bebida,alcohol,Rives,,70cl,18.0,8.41,146.84,21.0
1R3StpjXXDDGxWlMZvQkSoGUW341iUD63,Melgarejo Distribuidores de Bebidas SL,2026-07-27,SEVEN FREE RET 200 CC,bebida,refresco,7Up,,20cl,5.0,23.28,81.48,21.0
1R3StpjXXDDGxWlMZvQkSoGUW341iUD63,Melgarejo Distribuidores de Bebidas SL,2026-07-27,PEPSI REGULAR AXL RET 200 CC,bebida,refresco,Pepsi,,20cl,7.0,24.96,113.57,21.0
1R3StpjXXDDGxWlMZvQkSoGUW341iUD63,Melgarejo Distribuidores de Bebidas SL,2026-07-27,RIVES GIN EXOTICA 70CL,bebida,alcohol,Rives,,70cl,6.0,12.59,73.27,21.0
1R3StpjXXDDGxWlMZvQkSoGUW341iUD63,Melgarejo Distribuidores de Bebidas SL,2026-07-27,1/3 CRUZCAMPO PILSEN RET,bebida,cerveza,Cruzcampo,botellin,24x33cl,5.0,33.06,165.35,21.0
1R3StpjXXDDGxWlMZvQkSoGUW341iUD63,Melgarejo Distribuidores de Bebidas SL,2026-07-27,PEPSI MAX AXL RET 200CC,bebida,refresco,Pepsi,,20cl,6.0,24.96,97.34,21.0
1R3StpjXXDDGxWlMZvQkSoGUW341iUD63,Melgarejo Distribuidores de Bebidas SL,2026-07-27,AQUAREL PET 33cl 35 UDS,bebida,agua,Aquarel,,35x33cl,4.0,5.92,24.16,10.0
1R3StpjXXDDGxWlMZvQkSoGUW341iUD63,Melgarejo Distribuidores de Bebidas SL,2026-07-27,"BTLLA WHITE LABEL 0,70 - DEMENTE",bebida,alcohol,Dewar's White Label,,70cl,48.0,10.24,371.1,21.0
1R3StpjXXDDGxWlMZvQkSoGUW341iUD63,Melgarejo Distribuidores de Bebidas SL,2026-07-27,SCH TONICA RET 28X1X200ML,bebida,refresco,Schweppes,,28x20cl,8.0,31.92,204.29,21.0
1R3StpjXXDDGxWlMZvQkSoGUW341iUD63,Melgarejo Distribuidores de Bebidas SL,2026-07-27,SCH NARANJA LOW CAL RET 28X1X200,bebida,refresco,Schweppes,,28x20cl,2.0,26.04,31.25,21.0
1R3StpjXXDDGxWlMZvQkSoGUW341iUD63,Melgarejo Distribuidores de Bebidas SL,2026-07-27,SCH LIMO LOW RET 28X200ML,bebida,refresco,Schweppes,,28x20cl,5.0,26.04,78.12,21.0
1R3StpjXXDDGxWlMZvQkSoGUW341iUD63,Melgarejo Distribuidores de Bebidas SL,2026-07-27,FIANZA 1/3 CRUZCAMPO,otros_consumo,,Cruzcampo,,,5.0,3.7,18.5,21.0
1R3StpjXXDDGxWlMZvQkSoGUW341iUD63,Melgarejo Distribuidores de Bebidas SL,2026-07-27,FIANZA 1/3 HEINEKEN LONG,otros_consumo,,Heineken,,,1.0,3.7,3.7,21.0
1R3StpjXXDDGxWlMZvQkSoGUW341iUD63,Melgarejo Distribuidores de Bebidas SL,2026-07-27,CAJA C/BOT SEVEN-UP 200 CC,otros_consumo,,7Up,,,5.0,4.8,24.0,21.0
1R3StpjXXDDGxWlMZvQkSoGUW341iUD63,Melgarejo Distribuidores de Bebidas SL,2026-07-27,CAJA C/BOT PEPSI 200 RET,otros_consumo,,Pepsi,,,13.0,4.8,62.4,21.0
1R3StpjXXDDGxWlMZvQkSoGUW341iUD63,Melgarejo Distribuidores de Bebidas SL,2026-07-27,CAJA C/BOT SCHWEPPES 200 RET,otros_consumo,,Schweppes,,,15.0,5.2,78.0,21.0
1R3StpjXXDDGxWlMZvQkSoGUW341iUD63,Melgarejo Distribuidores de Bebidas SL,2026-07-27,SEVEN FREE RET 200 CC,bebida,refresco,7Up,,20cl,5.0,23.28,81.48,21.0
1R3StpjXXDDGxWlMZvQkSoGUW341iUD63,Melgarejo Distribuidores de Bebidas SL,2026-07-27,PEPSI MAX AXL RET 200CC,bebida,refresco,Pepsi,,20cl,8.0,24.96,129.79,21.0
1R3StpjXXDDGxWlMZvQkSoGUW341iUD63,Melgarejo Distribuidores de Bebidas SL,2026-07-27,PEPSI REGULAR AXL RET 200 CC,bebida,refresco,Pepsi,,20cl,8.0,24.96,129.79,21.0
1R3StpjXXDDGxWlMZvQkSoGUW341iUD63,Melgarejo Distribuidores de Bebidas SL,2026-07-27,SCH TONICA RET 28X1X200ML,bebida,refresco,Schweppes,,28x20cl,8.0,31.92,178.75,21.0
1R3StpjXXDDGxWlMZvQkSoGUW341iUD63,Melgarejo Distribuidores de Bebidas SL,2026-07-27,SCH NARANJA LOW CAL RET 28X1X200,bebida,refresco,Schweppes,,28x20cl,4.0,26.04,62.5,21.0
1R3StpjXXDDGxWlMZvQkSoGUW341iUD63,Melgarejo Distribuidores de Bebidas SL,2026-07-27,SCH LIMO LOW RET 28X200ML,bebida,refresco,Schweppes,,28x20cl,5.0,26.04,78.12,21.0
1R3StpjXXDDGxWlMZvQkSoGUW341iUD63,Melgarejo Distribuidores de Bebidas SL,2026-07-27,CAJA C/BOT PEPSI 200 RET,otros_consumo,,Pepsi,,,-12.0,4.8,-57.6,21.0
1R3StpjXXDDGxWlMZvQkSoGUW341iUD63,Melgarejo Distribuidores de Bebidas SL,2026-07-27,CAJA C/BOT SEVEN-UP 200 CC,otros_consumo,,7Up,,,-5.0,4.8,-24.0,21.0
1R3StpjXXDDGxWlMZvQkSoGUW341iUD63,Melgarejo Distribuidores de Bebidas SL,2026-07-27,FIANZA BARRIL 50 L,otros_consumo,,,,50L,-1.0,12.02,-12.02,21.0
1R3StpjXXDDGxWlMZvQkSoGUW341iUD63,Melgarejo Distribuidores de Bebidas SL,2026-07-27,CAJA C/BOT SCHWEPPES 200 RET,otros_consumo,,Schweppes,,,-31.0,5.2,-161.2,21.0
1R3StpjXXDDGxWlMZvQkSoGUW341iUD63,Melgarejo Distribuidores de Bebidas SL,2026-07-27,FIANZA 1/3 CRUZCAMPO,otros_consumo,,Cruzcampo,,,-6.0,3.7,-22.2,21.0
1R3StpjXXDDGxWlMZvQkSoGUW341iUD63,Melgarejo Distribuidores de Bebidas SL,2026-07-27,FIANZA 1/3 HEINEKEN LONG,otros_consumo,,Heineken,,,-2.0,3.7,-7.4,21.0
1R3StpjXXDDGxWlMZvQkSoGUW341iUD63,Melgarejo Distribuidores de Bebidas SL,2026-07-27,CAJA C/BOT SEVEN-UP 200 CC,otros_consumo,,7Up,,,5.0,4.8,24.0,21.0
1R3StpjXXDDGxWlMZvQkSoGUW341iUD63,Melgarejo Distribuidores de Bebidas SL,2026-07-27,CAJA C/BOT PEPSI 200 RET,otros_consumo,,Pepsi,,,16.0,4.8,76.8,21.0
1R3StpjXXDDGxWlMZvQkSoGUW341iUD63,Melgarejo Distribuidores de Bebidas SL,2026-07-27,CAJA C/BOT SCHWEPPES 200 RET,otros_consumo,,Schweppes,,,17.0,5.2,88.4,21.0
1R3StpjXXDDGxWlMZvQkSoGUW341iUD63,Melgarejo Distribuidores de Bebidas SL,2026-07-27,PEPSI MAX AXL RET 200CC,bebida,refresco,Pepsi,,20cl,8.0,24.96,139.78,21.0
1R3StpjXXDDGxWlMZvQkSoGUW341iUD63,Melgarejo Distribuidores de Bebidas SL,2026-07-27,SCH TONICA RET 28X1X200ML,bebida,refresco,Schweppes,,28x20cl,6.0,31.92,134.06,21.0
1R3StpjXXDDGxWlMZvQkSoGUW341iUD63,Melgarejo Distribuidores de Bebidas SL,2026-07-27,SCH NARANJA LOW CAL RET 28X1X200,bebida,refresco,Schweppes,,28x20cl,3.0,26.04,54.68,21.0
1R3StpjXXDDGxWlMZvQkSoGUW341iUD63,Melgarejo Distribuidores de Bebidas SL,2026-07-27,SEVEN FREE RET 200 CC,bebida,refresco,7Up,,20cl,2.0,23.28,32.59,21.0
1R3StpjXXDDGxWlMZvQkSoGUW341iUD63,Melgarejo Distribuidores de Bebidas SL,2026-07-27,PEPSI REGULAR AXL RET 200 CC,bebida,refresco,Pepsi,,20cl,8.0,24.96,139.78,21.0
1R3StpjXXDDGxWlMZvQkSoGUW341iUD63,Melgarejo Distribuidores de Bebidas SL,2026-07-27,SCH LIMO LOW RET 28X200ML,bebida,refresco,Schweppes,,28x20cl,6.0,26.04,109.37,21.0
1R3StpjXXDDGxWlMZvQkSoGUW341iUD63,Melgarejo Distribuidores de Bebidas SL,2026-07-27,CAJA C/BOT SEVEN-UP 200 CC,otros_consumo,,7Up,,,2.0,4.8,9.6,21.0
1R3StpjXXDDGxWlMZvQkSoGUW341iUD63,Melgarejo Distribuidores de Bebidas SL,2026-07-27,CAJA C/BOT PEPSI 200 RET,otros_consumo,,Pepsi,,,16.0,4.8,76.8,21.0
1R3StpjXXDDGxWlMZvQkSoGUW341iUD63,Melgarejo Distribuidores de Bebidas SL,2026-07-27,CAJA C/BOT SCHWEPPES 200 RET,otros_consumo,,Schweppes,,,15.0,5.2,78.0,21.0
1R3StpjXXDDGxWlMZvQkSoGUW341iUD63,Melgarejo Distribuidores de Bebidas SL,2026-07-27,BOTELLERO METALICO CRUZCAMPO,otros_consumo,,Cruzcampo,,,-1.0,,0.0,
1R3StpjXXDDGxWlMZvQkSoGUW341iUD63,Melgarejo Distribuidores de Bebidas SL,2026-07-27,BOTELLERO METALICO CRUZCAMPO,otros_consumo,,Cruzcampo,,,1.0,,0.0,
1R3StpjXXDDGxWlMZvQkSoGUW341iUD63,Melgarejo Distribuidores de Bebidas SL,2026-07-27,SEVEN FREE RET 200 CC,bebida,refresco,7Up,,20cl,5.0,23.28,81.48,21.0
1R3StpjXXDDGxWlMZvQkSoGUW341iUD63,Melgarejo Distribuidores de Bebidas SL,2026-07-27,PEPSI MAX AXL RET 200CC,bebida,refresco,Pepsi,,20cl,8.0,24.96,139.78,21.0
1R3StpjXXDDGxWlMZvQkSoGUW341iUD63,Melgarejo Distribuidores de Bebidas SL,2026-07-27,PEPSI REGULAR AXL RET 200 CC,bebida,refresco,Pepsi,,20cl,8.0,24.96,139.78,21.0
1R3StpjXXDDGxWlMZvQkSoGUW341iUD63,Melgarejo Distribuidores de Bebidas SL,2026-07-27,AMPERSAND GIN MELON,bebida,alcohol,Ampersand,,70cl,5.0,11.26,56.29,21.0
1R3StpjXXDDGxWlMZvQkSoGUW341iUD63,Melgarejo Distribuidores de Bebidas SL,2026-07-27,AMPERSAND GIN MELON ** Promocion **,bebida,alcohol,Ampersand,,70cl,1.0,0.0,0.0,
1R3StpjXXDDGxWlMZvQkSoGUW341iUD63,Melgarejo Distribuidores de Bebidas SL,2026-07-27,RON AÑEJO 5 AÑOS FLOR DE CAÑA,bebida,alcohol,Flor de Caña,,70cl,20.0,11.08,221.58,21.0
1R3StpjXXDDGxWlMZvQkSoGUW341iUD63,Melgarejo Distribuidores de Bebidas SL,2026-07-27,RON AÑEJO 5 AÑOS FLOR DE CAÑA ** Promocion **,bebida,alcohol,Flor de Caña,,70cl,4.0,0.0,0.0,
1R3StpjXXDDGxWlMZvQkSoGUW341iUD63,Melgarejo Distribuidores de Bebidas SL,2026-07-27,RON FLOR DE CAÑA 12 AÑOS CENTENARIO,bebida,alcohol,Flor de Caña,,70cl,5.0,20.55,102.75,21.0
1R3StpjXXDDGxWlMZvQkSoGUW341iUD63,Melgarejo Distribuidores de Bebidas SL,2026-07-27,RON FLOR DE CAÑA 12 AÑOS CENTENARIO ** Promocion **,bebida,alcohol,Flor de Caña,,70cl,1.0,0.0,0.0,
1R3StpjXXDDGxWlMZvQkSoGUW341iUD63,Melgarejo Distribuidores de Bebidas SL,2026-07-27,SCH TONICA RET 28X1X200ML,bebida,refresco,Schweppes,,28x20cl,8.0,31.92,178.75,21.0
1R3StpjXXDDGxWlMZvQkSoGUW341iUD63,Melgarejo Distribuidores de Bebidas SL,2026-07-27,SCH NARANJA LOW CAL RET 28X1X200,bebida,refresco,Schweppes,,28x20cl,4.0,26.04,62.5,21.0
1R3StpjXXDDGxWlMZvQkSoGUW341iUD63,Melgarejo Distribuidores de Bebidas SL,2026-07-27,SCH LIMO LOW RET 28X200ML,bebida,refresco,Schweppes,,28x20cl,5.0,26.04,78.12,21.0
1R3StpjXXDDGxWlMZvQkSoGUW341iUD63,Melgarejo Distribuidores de Bebidas SL,2026-07-27,CAJA C/BOT SCHWEPPES 200 RET,otros_consumo,,Schweppes,,,-33.0,5.2,-171.6,21.0
1R3StpjXXDDGxWlMZvQkSoGUW341iUD63,Melgarejo Distribuidores de Bebidas SL,2026-07-27,CAJA C/BOT PEPSI 200 RET,otros_consumo,,Pepsi,,,-34.0,4.8,-163.2,21.0
1R3StpjXXDDGxWlMZvQkSoGUW341iUD63,Melgarejo Distribuidores de Bebidas SL,2026-07-27,CAJA C/BOT SEVEN-UP 200 CC,otros_consumo,,7Up,,,-12.0,4.8,-57.6,21.0
1R3StpjXXDDGxWlMZvQkSoGUW341iUD63,Melgarejo Distribuidores de Bebidas SL,2026-07-27,FIANZA 1/3 CRUZCAMPO,otros_consumo,,Cruzcampo,,,-1.0,3.7,-3.7,21.0
1R3StpjXXDDGxWlMZvQkSoGUW341iUD63,Melgarejo Distribuidores de Bebidas SL,2026-07-27,CAJA C/BOT SEVEN-UP 200 CC,otros_consumo,,7Up,,,5.0,4.8,24.0,21.0
1R3StpjXXDDGxWlMZvQkSoGUW341iUD63,Melgarejo Distribuidores de Bebidas SL,2026-07-27,CAJA C/BOT PEPSI 200 RET,otros_consumo,,Pepsi,,,16.0,4.8,76.8,21.0
1R3StpjXXDDGxWlMZvQkSoGUW341iUD63,Melgarejo Distribuidores de Bebidas SL,2026-07-27,CAJA C/BOT SCHWEPPES 200 RET,otros_consumo,,Schweppes,,,17.0,5.2,88.4,21.0
1R3StpjXXDDGxWlMZvQkSoGUW341iUD63,Melgarejo Distribuidores de Bebidas SL,2026-07-27,SEVEN FREE RET 200 CC,bebida,refresco,7Up,,20cl,2.0,23.28,32.59,21.0
1R3StpjXXDDGxWlMZvQkSoGUW341iUD63,Melgarejo Distribuidores de Bebidas SL,2026-07-27,PEPSI MAX AXL RET 200CC,bebida,refresco,Pepsi,,20cl,8.0,24.96,129.79,21.0
1R3StpjXXDDGxWlMZvQkSoGUW341iUD63,Melgarejo Distribuidores de Bebidas SL,2026-07-27,PEPSI REGULAR AXL RET 200 CC,bebida,refresco,Pepsi,,20cl,8.0,24.96,129.79,21.0
1R3StpjXXDDGxWlMZvQkSoGUW341iUD63,Melgarejo Distribuidores de Bebidas SL,2026-07-27,SCH TONICA RET 28X1X200ML,bebida,refresco,Schweppes,,28x20cl,7.0,31.92,156.41,21.0
1R3StpjXXDDGxWlMZvQkSoGUW341iUD63,Melgarejo Distribuidores de Bebidas SL,2026-07-27,SCH NARANJA LOW CAL RET 28X1X200,bebida,refresco,Schweppes,,28x20cl,2.0,26.04,31.25,21.0
1R3StpjXXDDGxWlMZvQkSoGUW341iUD63,Melgarejo Distribuidores de Bebidas SL,2026-07-27,SCH LIMO LOW RET 28X200ML,bebida,refresco,Schweppes,,28x20cl,7.0,26.04,127.6,21.0
1R3StpjXXDDGxWlMZvQkSoGUW341iUD63,Melgarejo Distribuidores de Bebidas SL,2026-07-27,CAJA C/BOT SEVEN-UP 200 CC,otros_consumo,,7Up,,,2.0,4.8,9.6,21.0
1R3StpjXXDDGxWlMZvQkSoGUW341iUD63,Melgarejo Distribuidores de Bebidas SL,2026-07-27,CAJA C/BOT PEPSI 200 RET,otros_consumo,,Pepsi,,,16.0,4.8,76.8,21.0
1R3StpjXXDDGxWlMZvQkSoGUW341iUD63,Melgarejo Distribuidores de Bebidas SL,2026-07-27,CAJA C/BOT SCHWEPPES 200 RET,otros_consumo,,Schweppes,,,16.0,5.2,83.2,21.0
1R3StpjXXDDGxWlMZvQkSoGUW341iUD63,Melgarejo Distribuidores de Bebidas SL,2026-07-27,PEPSI MAX AXL RET 200CC,bebida,refresco,Pepsi,,20cl,4.0,24.96,69.89,21.0
1R3StpjXXDDGxWlMZvQkSoGUW341iUD63,Melgarejo Distribuidores de Bebidas SL,2026-07-27,PEPSI REGULAR AXL RET 200 CC,bebida,refresco,Pepsi,,20cl,8.0,24.96,139.78,21.0
1R3StpjXXDDGxWlMZvQkSoGUW341iUD63,Melgarejo Distribuidores de Bebidas SL,2026-07-27,CAJA C/BOT PEPSI 200 RET,otros_consumo,,Pepsi,,,12.0,4.8,57.6,21.0
1R3StpjXXDDGxWlMZvQkSoGUW341iUD63,Melgarejo Distribuidores de Bebidas SL,2026-07-27,SEVEN FREE RET 200 CC,bebida,refresco,7Up,,20cl,2.0,23.28,32.59,21.0
1R3StpjXXDDGxWlMZvQkSoGUW341iUD63,Melgarejo Distribuidores de Bebidas SL,2026-07-27,AGUA EVIAN CON GAS 200 X33 CL,bebida,agua,Evian,,33cl,1.0,24.58,24.58,10.0
1R3StpjXXDDGxWlMZvQkSoGUW341iUD63,Melgarejo Distribuidores de Bebidas SL,2026-07-27,AQUAREL PET 33cl 35 UDS,bebida,agua,Aquarel,,35x33cl,3.0,5.92,18.12,10.0
1R3StpjXXDDGxWlMZvQkSoGUW341iUD63,Melgarejo Distribuidores de Bebidas SL,2026-07-27,SCH SEL AGUA CON GAS 12X1X20CL,bebida,agua,Schweppes,,12x20cl,2.0,23.28,23.64,10.0
1R3StpjXXDDGxWlMZvQkSoGUW341iUD63,Melgarejo Distribuidores de Bebidas SL,2026-07-27,SCH LIMO LOW RET 28X200ML,bebida,refresco,Schweppes,,28x20cl,2.0,26.04,36.46,21.0
1R3StpjXXDDGxWlMZvQkSoGUW341iUD63,Melgarejo Distribuidores de Bebidas SL,2026-07-27,CAJA C/BOT SEVEN-UP 200 CC,otros_consumo,,7Up,,,2.0,4.8,9.6,21.0
1R3StpjXXDDGxWlMZvQkSoGUW341iUD63,Melgarejo Distribuidores de Bebidas SL,2026-07-27,CAJA C/BOT SCHWEPPES 200 RET,otros_consumo,,Schweppes,,,2.0,5.2,10.4,21.0
1R3StpjXXDDGxWlMZvQkSoGUW341iUD63,Melgarejo Distribuidores de Bebidas SL,2026-07-27,SEPARADOR NEGRO TEXT CIRSTAL TEMPLADO,otros_consumo,,,,,2.0,,0.0,
1R3StpjXXDDGxWlMZvQkSoGUW341iUD63,Melgarejo Distribuidores de Bebidas SL,2026-07-27,BOTELLERO EN PRESTAMO,otros_consumo,,,,,-1.0,,0.0,
1R3StpjXXDDGxWlMZvQkSoGUW341iUD63,Melgarejo Distribuidores de Bebidas SL,2026-07-27,BOTELLERO METALICO CRUZCAMPO,otros_consumo,,Cruzcampo,,,1.0,,0.0,
1R3StpjXXDDGxWlMZvQkSoGUW341iUD63,Melgarejo Distribuidores de Bebidas SL,2026-07-27,SEVEN FREE RET 200 CC,bebida,refresco,7Up,,20cl,10.0,23.28,162.96,21.0
1R3StpjXXDDGxWlMZvQkSoGUW341iUD63,Melgarejo Distribuidores de Bebidas SL,2026-07-27,PEPSI MAX AXL RET 200CC,bebida,refresco,Pepsi,,20cl,4.0,24.96,69.89,21.0
1R3StpjXXDDGxWlMZvQkSoGUW341iUD63,Melgarejo Distribuidores de Bebidas SL,2026-07-27,PEPSI REGULAR AXL RET 200 CC,bebida,refresco,Pepsi,,20cl,16.0,24.96,259.58,21.0
1R3StpjXXDDGxWlMZvQkSoGUW341iUD63,Melgarejo Distribuidores de Bebidas SL,2026-07-27,AGUA EVIAN CON GAS 200 X33 CL,bebida,agua,Evian,,33cl,3.0,24.58,73.74,10.0
1R3StpjXXDDGxWlMZvQkSoGUW341iUD63,Melgarejo Distribuidores de Bebidas SL,2026-07-27,AQUAREL PET 33cl 35 UDS,bebida,agua,Aquarel,,35x33cl,6.0,5.92,36.25,10.0
1R3StpjXXDDGxWlMZvQkSoGUW341iUD63,Melgarejo Distribuidores de Bebidas SL,2026-07-27,SCH TONICA RET 28X1X200ML,bebida,refresco,Schweppes,,28x20cl,5.0,31.92,111.72,21.0
1R3StpjXXDDGxWlMZvQkSoGUW341iUD63,Melgarejo Distribuidores de Bebidas SL,2026-07-27,SCH SEL AGUA CON GAS 12X1X20CL,bebida,agua,Schweppes,,12x20cl,3.0,23.28,35.46,10.0
1R3StpjXXDDGxWlMZvQkSoGUW341iUD63,Melgarejo Distribuidores de Bebidas SL,2026-07-27,SCH NARANJA LOW CAL RET 28X1X200,bebida,refresco,Schweppes,,28x20cl,4.0,26.04,72.91,21.0
1R3StpjXXDDGxWlMZvQkSoGUW341iUD63,Melgarejo Distribuidores de Bebidas SL,2026-07-27,SCH LIMO LOW RET 28X200ML,bebida,refresco,Schweppes,,28x20cl,4.0,26.04,72.91,21.0
1R3StpjXXDDGxWlMZvQkSoGUW341iUD63,Melgarejo Distribuidores de Bebidas SL,2026-07-27,CAJA C/BOT PEPSI 200 RET,otros_consumo,,Pepsi,,,-24.0,4.8,-115.2,21.0
1R3StpjXXDDGxWlMZvQkSoGUW341iUD63,Melgarejo Distribuidores de Bebidas SL,2026-07-27,CAJA C/BOT SEVEN-UP 200 CC,otros_consumo,,7Up,,,-5.0,4.8,-24.0,21.0
1R3StpjXXDDGxWlMZvQkSoGUW341iUD63,Melgarejo Distribuidores de Bebidas SL,2026-07-27,PEPSI MAX AXL RET 200CC,bebida,refresco,Pepsi,,20cl,-4.0,24.96,-69.89,21.0
1R3StpjXXDDGxWlMZvQkSoGUW341iUD63,Melgarejo Distribuidores de Bebidas SL,2026-07-27,PEPSI REGULAR AXL RET 200 CC,bebida,refresco,Pepsi,,20cl,-16.0,24.96,-259.58,21.0
1R3StpjXXDDGxWlMZvQkSoGUW341iUD63,Melgarejo Distribuidores de Bebidas SL,2026-07-27,CAJA C/BOT SEVEN-UP 200 CC,otros_consumo,,7Up,,,10.0,4.8,48.0,21.0
1R3StpjXXDDGxWlMZvQkSoGUW341iUD63,Melgarejo Distribuidores de Bebidas SL,2026-07-27,CAJA C/BOT PEPSI 200 RET (sin cantidad ni importe en factura),otros_consumo,,Pepsi,,,,4.8,0.0,
1R3StpjXXDDGxWlMZvQkSoGUW341iUD63,Melgarejo Distribuidores de Bebidas SL,2026-07-27,CAJA C/BOT SCHWEPPES 200 RET,otros_consumo,,Schweppes,,,13.0,5.2,67.6,21.0
1R3StpjXXDDGxWlMZvQkSoGUW341iUD63,Melgarejo Distribuidores de Bebidas SL,2026-07-27,BTLLA RV GINEBRA RIVES 70 CL,bebida,alcohol,Rives,,70cl,30.0,8.41,244.73,21.0
1R3StpjXXDDGxWlMZvQkSoGUW341iUD63,Melgarejo Distribuidores de Bebidas SL,2026-07-27,BTLLA RV GINEBRA RIVES 70 CL ** Promocion **,bebida,alcohol,Rives,,70cl,6.0,0.0,0.0,
1R3StpjXXDDGxWlMZvQkSoGUW341iUD63,Melgarejo Distribuidores de Bebidas SL,2026-07-27,CRUZCAMPO SIN GLUTEN 33cl. 12 UDS,bebida,cerveza,Cruzcampo,botellin,12x33cl,1.0,18.29,18.44,21.0
1R3StpjXXDDGxWlMZvQkSoGUW341iUD63,Melgarejo Distribuidores de Bebidas SL,2026-07-27,C.C RADLER 33cl 24 UDS,bebida,cerveza,Cruzcampo,botellin,24x33cl,1.0,38.16,38.17,21.0
1R3StpjXXDDGxWlMZvQkSoGUW341iUD63,Melgarejo Distribuidores de Bebidas SL,2026-07-27,1/3 CRUZCAMPO PILSEN RET,bebida,cerveza,Cruzcampo,botellin,24x33cl,3.0,33.06,99.21,21.0
1R3StpjXXDDGxWlMZvQkSoGUW341iUD63,Melgarejo Distribuidores de Bebidas SL,2026-07-27,AQUAREL PET 33cl 35 UDS,bebida,agua,Aquarel,,35x33cl,5.0,5.92,30.2,10.0
1R3StpjXXDDGxWlMZvQkSoGUW341iUD63,Melgarejo Distribuidores de Bebidas SL,2026-07-27,"BTLLA WHITE LABEL 0,70 - DEMENTE",bebida,alcohol,Dewar's White Label,,70cl,36.0,10.24,278.32,21.0
1R3StpjXXDDGxWlMZvQkSoGUW341iUD63,Melgarejo Distribuidores de Bebidas SL,2026-07-27,SCH SEL AGUA CON GAS 12X1X20CL,bebida,agua,Schweppes,,12x20cl,5.0,23.28,59.1,10.0
1R3StpjXXDDGxWlMZvQkSoGUW341iUD63,Melgarejo Distribuidores de Bebidas SL,2026-07-27,SCH NARANJA LOW CAL RET 28X1X200,bebida,refresco,Schweppes,,28x20cl,2.0,26.04,31.25,21.0
1R3StpjXXDDGxWlMZvQkSoGUW341iUD63,Melgarejo Distribuidores de Bebidas SL,2026-07-27,SCH LIMO LOW RET 28X200ML,bebida,refresco,Schweppes,,28x20cl,6.0,26.04,109.37,21.0
1R3StpjXXDDGxWlMZvQkSoGUW341iUD63,Melgarejo Distribuidores de Bebidas SL,2026-07-27,CAJA C/BOT SCHWEPPES 200 RET,otros_consumo,,Schweppes,,,-18.0,5.2,-93.6,21.0
1R3StpjXXDDGxWlMZvQkSoGUW341iUD63,Melgarejo Distribuidores de Bebidas SL,2026-07-27,FIANZA 1/3 CRUZCAMPO,otros_consumo,,Cruzcampo,,,3.0,3.7,11.1,21.0
1R3StpjXXDDGxWlMZvQkSoGUW341iUD63,Melgarejo Distribuidores de Bebidas SL,2026-07-27,FIANZA 1/3 AMSTEL RET,otros_consumo,,Amstel,,,1.0,3.7,3.7,21.0
1R3StpjXXDDGxWlMZvQkSoGUW341iUD63,Melgarejo Distribuidores de Bebidas SL,2026-07-27,CAJA C/BOT SCHWEPPES 200 RET,otros_consumo,,Schweppes,,,8.0,5.2,41.6,21.0
1odcrHoVOJ_yM8BypYRktxYpoR4LxTLm9,Melgarejo Distribuidores de Bebidas SL,2026-05-31,PEPSI MAX LATA 330 SIN HICONE,bebida,refresco,Pepsi,lata,33cl,1.0,40.32,0.01,21.0
11bvj0fVE1SAXWHmLnwexpf0qsKiujQGs,Miguel Merino Distribuciones SL,2026-07-16,"CLASE AZUL TEQUILA REPOSADO 0,7L(6U)",bebida,alcohol,Clase Azul,botella,70cl,1.0,154.45,154.45,21.0
11bvj0fVE1SAXWHmLnwexpf0qsKiujQGs,Miguel Merino Distribuciones SL,2026-07-16,"BEEFEATER GIN 0,7L(6U)",bebida,alcohol,Beefeater,botella,70cl,48.0,12.16,583.68,21.0
11bvj0fVE1SAXWHmLnwexpf0qsKiujQGs,Miguel Merino Distribuciones SL,2026-07-16,RED BULL ENERGY DRINK (24U),bebida,refresco,Red Bull,lata,24x25cl,6.0,29.3,175.78,21.0
11bvj0fVE1SAXWHmLnwexpf0qsKiujQGs,Miguel Merino Distribuciones SL,2026-07-16,"HAVANA RON AÑEJO ORIGEN 0,7L(6U)",bebida,alcohol,Havana Club,botella,70cl,24.0,10.32,247.68,21.0
1OhIjaYVYTnJaw8yXdYKHbWLcVodP4lcF,Miguel Merino Distribuciones SL,2026-07-27,RED BULL ENERGY DRINK (24U),bebida,refresco,Red Bull,lata,24x25cl,10.0,29.3,292.96,21.0
1rChFH8Z-QiinPVdNKcVz7tmqMDgmdFpa,Miguel Merino Distribuciones SL,2026-07-24,"HAVANA RON AÑEJO ORIGEN 0,7L(6U)",bebida,alcohol,Havana Club,,70cl,-60.0,10.32,-619.2,21.0
1rChFH8Z-QiinPVdNKcVz7tmqMDgmdFpa,Miguel Merino Distribuciones SL,2026-07-24,"HAVANA RON AÑEJO ORIGEN 0,7L(6U)",bebida,alcohol,Havana Club,,70cl,60.0,10.03,601.99,21.0
1rChFH8Z-QiinPVdNKcVz7tmqMDgmdFpa,Miguel Merino Distribuciones SL,2026-07-24,"BEEFEATER GIN 0,7L(6U)",bebida,alcohol,Beefeater,,70cl,-60.0,12.16,-729.6,21.0
1rChFH8Z-QiinPVdNKcVz7tmqMDgmdFpa,Miguel Merino Distribuciones SL,2026-07-24,"BEEFEATER GIN 0,7L(6U)",bebida,alcohol,Beefeater,,70cl,60.0,11.82,709.32,21.0
1rChFH8Z-QiinPVdNKcVz7tmqMDgmdFpa,Miguel Merino Distribuciones SL,2026-07-24,"SEAGRAM`S GIN 0,7L(6U)",bebida,alcohol,Seagram's,,70cl,-48.0,13.56,-650.88,21.0
1rChFH8Z-QiinPVdNKcVz7tmqMDgmdFpa,Miguel Merino Distribuciones SL,2026-07-24,"SEAGRAM`S GIN 0,7L(6U)",bebida,alcohol,Seagram's,,70cl,48.0,13.18,632.79,21.0
1rChFH8Z-QiinPVdNKcVz7tmqMDgmdFpa,Miguel Merino Distribuciones SL,2026-07-24,"BALLANTINE`S 0,7L(6U)",bebida,alcohol,Ballantine's,,70cl,-72.0,11.45,-824.4,21.0
1rChFH8Z-QiinPVdNKcVz7tmqMDgmdFpa,Miguel Merino Distribuciones SL,2026-07-24,"BALLANTINE`S 0,7L(6U)",bebida,alcohol,Ballantine's,,70cl,72.0,11.13,801.48,21.0
1rChFH8Z-QiinPVdNKcVz7tmqMDgmdFpa,Miguel Merino Distribuciones SL,2026-07-24,"JAMESON 0,7L(6U)",bebida,alcohol,Jameson,,70cl,-18.0,14.48,-260.64,21.0
1rChFH8Z-QiinPVdNKcVz7tmqMDgmdFpa,Miguel Merino Distribuciones SL,2026-07-24,"JAMESON 0,7L(6U)",bebida,alcohol,Jameson,,70cl,18.0,14.08,253.39,21.0
1rChFH8Z-QiinPVdNKcVz7tmqMDgmdFpa,Miguel Merino Distribuciones SL,2026-07-24,"BALLANTINES 10 AÑOS 0,7L(6U)",bebida,alcohol,Ballantine's,,70cl,-6.0,15.15,-90.9,21.0
1rChFH8Z-QiinPVdNKcVz7tmqMDgmdFpa,Miguel Merino Distribuciones SL,2026-07-24,"BALLANTINES 10 AÑOS 0,7L(6U)",bebida,alcohol,Ballantine's,,70cl,6.0,14.73,88.37,21.0
1rChFH8Z-QiinPVdNKcVz7tmqMDgmdFpa,Miguel Merino Distribuciones SL,2026-07-24,"J.WALKER GREEN 0,7L(6U)",bebida,alcohol,Johnnie Walker,,70cl,-3.0,43.22,-129.66,21.0
1rChFH8Z-QiinPVdNKcVz7tmqMDgmdFpa,Miguel Merino Distribuciones SL,2026-07-24,"J.WALKER GREEN 0,7L(6U)",bebida,alcohol,Johnnie Walker,,70cl,3.0,42.27,126.82,21.0
1rChFH8Z-QiinPVdNKcVz7tmqMDgmdFpa,Miguel Merino Distribuciones SL,2026-07-24,"ABSOLUT 0,7L(6U)",bebida,alcohol,Absolut,,70cl,-96.0,11.51,-1104.96,21.0
1rChFH8Z-QiinPVdNKcVz7tmqMDgmdFpa,Miguel Merino Distribuciones SL,2026-07-24,"ABSOLUT 0,7L(6U)",bebida,alcohol,Absolut,,70cl,96.0,11.19,1074.24,21.0
1rChFH8Z-QiinPVdNKcVz7tmqMDgmdFpa,Miguel Merino Distribuciones SL,2026-07-24,"GREY GOOSE VODKA 0,7L(6U)",bebida,alcohol,Grey Goose,,70cl,-18.0,37.34,-672.12,21.0
1rChFH8Z-QiinPVdNKcVz7tmqMDgmdFpa,Miguel Merino Distribuciones SL,2026-07-24,"GREY GOOSE VODKA 0,7L(6U)",bebida,alcohol,Grey Goose,,70cl,18.0,36.5,657.06,21.0
1rChFH8Z-QiinPVdNKcVz7tmqMDgmdFpa,Miguel Merino Distribuciones SL,2026-07-24,"OLMECA REPOSADO TEQUILA 0,7L(6U)",bebida,alcohol,Olmeca,,70cl,-6.0,10.37,-62.22,21.0
1rChFH8Z-QiinPVdNKcVz7tmqMDgmdFpa,Miguel Merino Distribuciones SL,2026-07-24,"OLMECA REPOSADO TEQUILA 0,7L(6U)",bebida,alcohol,Olmeca,,70cl,6.0,10.08,60.49,21.0
1rChFH8Z-QiinPVdNKcVz7tmqMDgmdFpa,Miguel Merino Distribuciones SL,2026-07-24,"CODIGO 1530 TEQUILA BLANCO 0,7L(6U)",bebida,alcohol,Código 1530,,70cl,-6.0,46.55,-279.3,21.0
1rChFH8Z-QiinPVdNKcVz7tmqMDgmdFpa,Miguel Merino Distribuciones SL,2026-07-24,"CODIGO 1530 TEQUILA BLANCO 0,7L(6U)",bebida,alcohol,Código 1530,,70cl,6.0,45.26,271.54,21.0
1rChFH8Z-QiinPVdNKcVz7tmqMDgmdFpa,Miguel Merino Distribuciones SL,2026-07-24,"J.WALKER BLACK 0,7L(6U)",bebida,alcohol,Johnnie Walker,,70cl,-12.0,21.47,-257.64,21.0
1rChFH8Z-QiinPVdNKcVz7tmqMDgmdFpa,Miguel Merino Distribuciones SL,2026-07-24,"J.WALKER BLACK 0,7L(6U)",bebida,alcohol,Johnnie Walker,,70cl,12.0,20.87,250.45,21.0
1rChFH8Z-QiinPVdNKcVz7tmqMDgmdFpa,Miguel Merino Distribuciones SL,2026-07-24,"J.WALKER BLUE 0,7L(6U)",bebida,alcohol,Johnnie Walker,,70cl,-2.0,191.11,-382.22,21.0
1rChFH8Z-QiinPVdNKcVz7tmqMDgmdFpa,Miguel Merino Distribuciones SL,2026-07-24,"J.WALKER BLUE 0,7L(6U)",bebida,alcohol,Johnnie Walker,,70cl,2.0,186.87,373.73,21.0
1rChFH8Z-QiinPVdNKcVz7tmqMDgmdFpa,Miguel Merino Distribuciones SL,2026-07-24,RECTIF PRECIOS FRA 18826/26A,otros_consumo,,,,,,,0.0,4.0
1cE_zAOdH6Qu_0_lArNsTraLErfxYRoo0,Miguel Merino Distribuciones SL,2026-07-24,"BEEFEATER GIN 0,7L(6U)",bebida,alcohol,Beefeater,,70cl,-48.0,12.16,-583.68,21.0
1cE_zAOdH6Qu_0_lArNsTraLErfxYRoo0,Miguel Merino Distribuciones SL,2026-07-24,"BEEFEATER GIN 0,7L(6U)",bebida,alcohol,Beefeater,,70cl,48.0,11.82,567.45,21.0
1cE_zAOdH6Qu_0_lArNsTraLErfxYRoo0,Miguel Merino Distribuciones SL,2026-07-24,"SEAGRAM`S GIN 0,7L(6U)",bebida,alcohol,Seagram's,,70cl,-12.0,13.56,-162.72,21.0
1cE_zAOdH6Qu_0_lArNsTraLErfxYRoo0,Miguel Merino Distribuciones SL,2026-07-24,"SEAGRAM`S GIN 0,7L(6U)",bebida,alcohol,Seagram's,,70cl,12.0,13.18,158.2,21.0
1cE_zAOdH6Qu_0_lArNsTraLErfxYRoo0,Miguel Merino Distribuciones SL,2026-07-24,"OLMECA REPOSADO TEQUILA 0,7L(6U)",bebida,alcohol,Olmeca,,70cl,-18.0,10.37,-186.66,21.0
1cE_zAOdH6Qu_0_lArNsTraLErfxYRoo0,Miguel Merino Distribuciones SL,2026-07-24,"OLMECA REPOSADO TEQUILA 0,7L(6U)",bebida,alcohol,Olmeca,,70cl,18.0,10.08,181.47,21.0
1cE_zAOdH6Qu_0_lArNsTraLErfxYRoo0,Miguel Merino Distribuciones SL,2026-07-24,"MACALLAN 12 AÑOS DOUBLE CASK 0,7L(6U)",bebida,alcohol,Macallan,,70cl,-2.0,58.15,-116.3,21.0
1cE_zAOdH6Qu_0_lArNsTraLErfxYRoo0,Miguel Merino Distribuciones SL,2026-07-24,"MACALLAN 12 AÑOS DOUBLE CASK 0,7L(6U)",bebida,alcohol,Macallan,,70cl,2.0,56.99,113.97,21.0
1cE_zAOdH6Qu_0_lArNsTraLErfxYRoo0,Miguel Merino Distribuciones SL,2026-07-24,"ZACAPA RON 23 AÑOS 0,7L(6U)",bebida,alcohol,Zacapa,,70cl,-2.0,29.59,-59.18,21.0
1cE_zAOdH6Qu_0_lArNsTraLErfxYRoo0,Miguel Merino Distribuciones SL,2026-07-24,"ZACAPA RON 23 AÑOS 0,7L(6U)",bebida,alcohol,Zacapa,,70cl,2.0,28.71,57.42,21.0
1cE_zAOdH6Qu_0_lArNsTraLErfxYRoo0,Miguel Merino Distribuciones SL,2026-07-24,RECTIF PRECIOS FRA 21203/26A,otros_consumo,,,,,0.0,0.0,0.0,4.0
1StjKmNJmA-1IuRMv4tk14KZb6rsenDxF,Miguel Merino Distribuciones SL,2026-07-24,"031146 -48 BALLANTINE`S 0,7L(6U)",bebida,alcohol,Ballantine's,,70cl,-48.0,11.45,-549.6,21.0
1StjKmNJmA-1IuRMv4tk14KZb6rsenDxF,Miguel Merino Distribuciones SL,2026-07-24,"031146 48 BALLANTINE`S 0,7L(6U)",bebida,alcohol,Ballantine's,,70cl,48.0,11.13,534.32,21.0
1StjKmNJmA-1IuRMv4tk14KZb6rsenDxF,Miguel Merino Distribuciones SL,2026-07-24,"037499 -2 BALLANTINES 10 AÑOS 0,7L(6U)",bebida,alcohol,Ballantine's,,70cl,-2.0,15.15,-30.3,21.0
1StjKmNJmA-1IuRMv4tk14KZb6rsenDxF,Miguel Merino Distribuciones SL,2026-07-24,"037499 2 BALLANTINES 10 AÑOS 0,7L(6U)",bebida,alcohol,Ballantine's,,70cl,2.0,14.73,29.46,21.0
1StjKmNJmA-1IuRMv4tk14KZb6rsenDxF,Miguel Merino Distribuciones SL,2026-07-24,RECTIF PRECIOS FRA 21369/26A,otros_consumo,,,,,0.0,0.0,0.0,4.0
1Sx2T_ypZjLlNaEu532gI5cTmtUYTnAC1,Miguel Merino Distribuciones SL,2026-07-24,"BEEFEATER GIN 0,7L(6U) (abono, ref 033164)",bebida,alcohol,Beefeater,,70cl,-48.0,12.16,-583.68,21.0
1Sx2T_ypZjLlNaEu532gI5cTmtUYTnAC1,Miguel Merino Distribuciones SL,2026-07-24,"BEEFEATER GIN 0,7L(6U) (recargo con dto 0,33, ref 033164)",bebida,alcohol,Beefeater,,70cl,48.0,11.82,567.45,21.0
1Sx2T_ypZjLlNaEu532gI5cTmtUYTnAC1,Miguel Merino Distribuciones SL,2026-07-24,"HAVANA RON AÑEJO ORIGEN 0,7L(6U) (abono, ref 041913)",bebida,alcohol,Havana Club,,70cl,-24.0,10.32,-247.68,21.0
1Sx2T_ypZjLlNaEu532gI5cTmtUYTnAC1,Miguel Merino Distribuciones SL,2026-07-24,"HAVANA RON AÑEJO ORIGEN 0,7L(6U) (recargo con dto 0,28, ref 041913)",bebida,alcohol,Havana Club,,70cl,24.0,10.03,240.79,21.0
1Sx2T_ypZjLlNaEu532gI5cTmtUYTnAC1,Miguel Merino Distribuciones SL,2026-07-24,RECTIF PRECIOS FRA 21729/26A,otros_consumo,,,,,0.0,0.0,0.0,4.0
1ekFLRRifRdmqjHW0NXmqIivotnKf8itd,Miguel Merino Distribuciones SL,2026-07-24,"ABSOLUT 0,7L(6U)",bebida,alcohol,Absolut,,70cl,-24.0,11.51,-276.24,21.0
1ekFLRRifRdmqjHW0NXmqIivotnKf8itd,Miguel Merino Distribuciones SL,2026-07-24,"ABSOLUT 0,7L(6U)",bebida,alcohol,Absolut,,70cl,24.0,11.19,268.56,21.0
1ekFLRRifRdmqjHW0NXmqIivotnKf8itd,Miguel Merino Distribuciones SL,2026-07-24,"SEAGRAM`S GIN 0,7L(6U)",bebida,alcohol,Seagram's,,70cl,-24.0,13.56,-325.44,21.0
1ekFLRRifRdmqjHW0NXmqIivotnKf8itd,Miguel Merino Distribuciones SL,2026-07-24,"SEAGRAM`S GIN 0,7L(6U)",bebida,alcohol,Seagram's,,70cl,24.0,13.18,316.39,21.0
1ekFLRRifRdmqjHW0NXmqIivotnKf8itd,Miguel Merino Distribuciones SL,2026-07-24,"BALLANTINE`S 0,7L(6U)",bebida,alcohol,Ballantine's,,70cl,-48.0,11.45,-549.6,21.0
1ekFLRRifRdmqjHW0NXmqIivotnKf8itd,Miguel Merino Distribuciones SL,2026-07-24,"BALLANTINE`S 0,7L(6U)",bebida,alcohol,Ballantine's,,70cl,48.0,11.13,534.32,21.0
1ekFLRRifRdmqjHW0NXmqIivotnKf8itd,Miguel Merino Distribuciones SL,2026-07-24,"BEEFEATER GIN 0,7L(6U)",bebida,alcohol,Beefeater,,70cl,-42.0,12.16,-510.72,21.0
1ekFLRRifRdmqjHW0NXmqIivotnKf8itd,Miguel Merino Distribuciones SL,2026-07-24,"BEEFEATER GIN 0,7L(6U)",bebida,alcohol,Beefeater,,70cl,42.0,11.82,496.52,21.0
1ekFLRRifRdmqjHW0NXmqIivotnKf8itd,Miguel Merino Distribuciones SL,2026-07-24,"J.WALKER BLACK 0,7L(6U)",bebida,alcohol,Johnnie Walker,,70cl,-6.0,21.47,-128.82,21.0
1ekFLRRifRdmqjHW0NXmqIivotnKf8itd,Miguel Merino Distribuciones SL,2026-07-24,"J.WALKER BLACK 0,7L(6U)",bebida,alcohol,Johnnie Walker,,70cl,6.0,20.87,125.23,21.0
1ekFLRRifRdmqjHW0NXmqIivotnKf8itd,Miguel Merino Distribuciones SL,2026-07-24,RECTIF PRECIOS FRA 22215/26A,otros_consumo,,,,,0.0,0.0,0.0,4.0
1C4ysavNuqZmZeD6wHAai5o05sCYFA8kd,Miguel Merino Distribuciones SL,2026-07-24,"041913 -24 HAVANA RON AÑEJO ORIGEN 0,7L(6U)",bebida,alcohol,Havana Club,botella,70cl,-24.0,10.32,-247.68,21.0
1C4ysavNuqZmZeD6wHAai5o05sCYFA8kd,Miguel Merino Distribuciones SL,2026-07-24,"041913 24 HAVANA RON AÑEJO ORIGEN 0,7L(6U)",bebida,alcohol,Havana Club,botella,70cl,24.0,10.03,240.79,21.0
1C4ysavNuqZmZeD6wHAai5o05sCYFA8kd,Miguel Merino Distribuciones SL,2026-07-24,"031146 -18 BALLANTINE`S 0,7L(6U)",bebida,alcohol,Ballantine's,botella,70cl,-18.0,11.45,-206.1,21.0
1C4ysavNuqZmZeD6wHAai5o05sCYFA8kd,Miguel Merino Distribuciones SL,2026-07-24,"031146 18 BALLANTINE`S 0,7L(6U)",bebida,alcohol,Ballantine's,botella,70cl,18.0,11.13,200.37,21.0
1C4ysavNuqZmZeD6wHAai5o05sCYFA8kd,Miguel Merino Distribuciones SL,2026-07-24,"020126 -12 SEAGRAM`S GIN 0,7L(6U)",bebida,alcohol,Seagram's,botella,70cl,-12.0,13.56,-162.72,21.0
1C4ysavNuqZmZeD6wHAai5o05sCYFA8kd,Miguel Merino Distribuciones SL,2026-07-24,"020126 12 SEAGRAM`S GIN 0,7L(6U)",bebida,alcohol,Seagram's,botella,70cl,12.0,13.18,158.2,21.0
1C4ysavNuqZmZeD6wHAai5o05sCYFA8kd,Miguel Merino Distribuciones SL,2026-07-24,"032250 -6 ABSOLUT 0,7L(6U)",bebida,alcohol,Absolut,botella,70cl,-6.0,11.51,-69.06,21.0
1C4ysavNuqZmZeD6wHAai5o05sCYFA8kd,Miguel Merino Distribuciones SL,2026-07-24,"032250 6 ABSOLUT 0,7L(6U)",bebida,alcohol,Absolut,botella,70cl,6.0,11.19,67.14,21.0
1C4ysavNuqZmZeD6wHAai5o05sCYFA8kd,Miguel Merino Distribuciones SL,2026-07-24,"033164 -24 BEEFEATER GIN 0,7L(6U)",bebida,alcohol,Beefeater,botella,70cl,-24.0,12.16,-291.84,21.0
1C4ysavNuqZmZeD6wHAai5o05sCYFA8kd,Miguel Merino Distribuciones SL,2026-07-24,"033164 24 BEEFEATER GIN 0,7L(6U)",bebida,alcohol,Beefeater,botella,70cl,24.0,11.82,283.73,21.0
1-1xep3j7CNBaLoKDt0AhKOk47fT5CyT2,Miguel Merino Distribuciones SL,2026-07-24,"BALLANTINE`S 0,7L(6U)",bebida,alcohol,Ballantine's,,70cl,-48.0,11.45,-549.6,21.0
1-1xep3j7CNBaLoKDt0AhKOk47fT5CyT2,Miguel Merino Distribuciones SL,2026-07-24,"BALLANTINE`S 0,7L(6U)",bebida,alcohol,Ballantine's,,70cl,48.0,11.13,534.32,21.0
1-1xep3j7CNBaLoKDt0AhKOk47fT5CyT2,Miguel Merino Distribuciones SL,2026-07-24,"BEEFEATER GIN 0,7L(6U)",bebida,alcohol,Beefeater,,70cl,-60.0,12.16,-729.6,21.0
1-1xep3j7CNBaLoKDt0AhKOk47fT5CyT2,Miguel Merino Distribuciones SL,2026-07-24,"BEEFEATER GIN 0,7L(6U)",bebida,alcohol,Beefeater,,70cl,60.0,11.82,709.32,21.0
1-1xep3j7CNBaLoKDt0AhKOk47fT5CyT2,Miguel Merino Distribuciones SL,2026-07-24,"SEAGRAM`S GIN 0,7L(6U)",bebida,alcohol,Seagram's,,70cl,-24.0,13.56,-325.44,21.0
1-1xep3j7CNBaLoKDt0AhKOk47fT5CyT2,Miguel Merino Distribuciones SL,2026-07-24,"SEAGRAM`S GIN 0,7L(6U)",bebida,alcohol,Seagram's,,70cl,24.0,13.18,316.39,21.0
1-1xep3j7CNBaLoKDt0AhKOk47fT5CyT2,Miguel Merino Distribuciones SL,2026-07-24,"HAVANA RON AÑEJO ORIGEN 0,7L(6U)",bebida,alcohol,Havana Club,,70cl,-42.0,10.32,-433.44,21.0
1-1xep3j7CNBaLoKDt0AhKOk47fT5CyT2,Miguel Merino Distribuciones SL,2026-07-24,"HAVANA RON AÑEJO ORIGEN 0,7L(6U)",bebida,alcohol,Havana Club,,70cl,42.0,10.03,421.39,21.0
1-1xep3j7CNBaLoKDt0AhKOk47fT5CyT2,Miguel Merino Distribuciones SL,2026-07-24,"ABSOLUT 0,7L(6U)",bebida,alcohol,Absolut,,70cl,-48.0,11.51,-552.48,21.0
1-1xep3j7CNBaLoKDt0AhKOk47fT5CyT2,Miguel Merino Distribuciones SL,2026-07-24,"ABSOLUT 0,7L(6U)",bebida,alcohol,Absolut,,70cl,48.0,11.19,537.12,21.0
1-1xep3j7CNBaLoKDt0AhKOk47fT5CyT2,Miguel Merino Distribuciones SL,2026-07-24,RECTIF PRECIOS FRA 22366/26A,otros_consumo,,,,,,,0.0,4.0
1f0UiZ-U_IX52fZ6gv_-xDEXse299KJ0D,Coca-Cola European Partners Iberia SLU,2026-06-18,"544 COCACOLA VR237 C24. (5600 DESCUENTO % -30,53; Punto verde 0,1; Neto 71,33)",bebida,refresco,Coca-Cola,botella vidrio retornable,24x237ml,4.0,17.83,71.33,21.0
1f0UiZ-U_IX52fZ6gv_-xDEXse299KJ0D,Coca-Cola European Partners Iberia SLU,2026-06-18,"554 COCACOLA ZER VR237 C24 (5600 DESCUENTO % -30,53; Punto verde 0,1; Neto 71,33)",bebida,refresco,Coca-Cola,botella vidrio retornable,24x237ml,4.0,17.83,71.33,21.0
1f0UiZ-U_IX52fZ6gv_-xDEXse299KJ0D,Coca-Cola European Partners Iberia SLU,2026-06-18,910 CAJA+BOTELLAS VR237 (8 oz). — cargo envases,otros_consumo,,,caja retornable,caja + botellas VR 237ml (8 oz),8.0,4.8,38.4,21.0
1f0UiZ-U_IX52fZ6gv_-xDEXse299KJ0D,Coca-Cola European Partners Iberia SLU,2026-06-18,910 CAJA+BOTELLAS VR237 (8 oz). — devolución envases,otros_consumo,,,caja retornable,caja + botellas VR 237ml (8 oz),-8.0,4.8,-38.4,21.0
1oYnmaXNyFdBjxZUH5gTVp8PjM0cz1ZWL,Coca-Cola European Partners Iberia SLU,2026-07-10,"544 COCACOLA VR237 C24. (dto -75,05, punto verde 0,24, neto 179,59)",bebida,refresco,Coca-Cola,botella vidrio retornable,24x237ml,10.0,17.96,179.59,21.0
1oYnmaXNyFdBjxZUH5gTVp8PjM0cz1ZWL,Coca-Cola European Partners Iberia SLU,2026-07-10,"554 COCACOLA ZER VR237 C24 (dto -52,53, punto verde 0,17, neto 125,72)",bebida,refresco,Coca-Cola,botella vidrio retornable,24x237ml,7.0,17.96,125.72,21.0
1oYnmaXNyFdBjxZUH5gTVp8PjM0cz1ZWL,Coca-Cola European Partners Iberia SLU,2026-07-10,910 CAJA+BOTELLAS VR237 (8 oz). — cargo fianza envases retornables,otros_consumo,,Coca-Cola,caja + botellas retornables,24x237ml,17.0,4.8,81.6,21.0
1oYnmaXNyFdBjxZUH5gTVp8PjM0cz1ZWL,Coca-Cola European Partners Iberia SLU,2026-07-10,910 CAJA+BOTELLAS VR237 (8 oz). — devolución cascos vacíos,otros_consumo,,Coca-Cola,caja + botellas retornables,24x237ml,-15.0,4.8,-72.0,21.0
1ysNocfBaqDz1uvvj-Kstq2UQSXxkums0,Picking Gades SL,2026-07-08,Steak tartar ultracongelado 135 gr. (12 und/caja),comida,,,C/ 12 uds (caja),12x135g,1.0,57.2658,57.27,10.0
1ysNocfBaqDz1uvvj-Kstq2UQSXxkums0,Picking Gades SL,2026-07-08,Steak tartar ultracongelado 135 gr. (12 und/caja),comida,,,C/ 12 uds (caja),12x135g,2.0,57.2658,114.53,10.0
1ysNocfBaqDz1uvvj-Kstq2UQSXxkums0,Picking Gades SL,2026-07-08,Steak tartar ultracongelado 135 gr. (12 und/caja),comida,,,C/ 12 uds (caja),12x135g,1.0,57.2658,57.27,10.0
1cHuRPd1xPNU6fJUQxyhKnHmzOJYt3-Ys,Miguel Merino Distribuciones SL,2026-08-04,"SEAGRAM`S GIN 0,7L(6U)",bebida,alcohol,Seagram's,botella,70cl,24.0,13.18,316.39,21.0
1cHuRPd1xPNU6fJUQxyhKnHmzOJYt3-Ys,Miguel Merino Distribuciones SL,2026-08-04,"ABSOLUT 0,7L(6U)",bebida,alcohol,Absolut,botella,70cl,36.0,11.19,402.84,21.0
1cHuRPd1xPNU6fJUQxyhKnHmzOJYt3-Ys,Miguel Merino Distribuciones SL,2026-08-04,"BEEFEATER GIN 0,7L(6U)",bebida,alcohol,Beefeater,botella,70cl,36.0,11.82,425.59,21.0
1cHuRPd1xPNU6fJUQxyhKnHmzOJYt3-Ys,Miguel Merino Distribuciones SL,2026-08-04,"BARCELO AÑEJO 0,7L(12U)",bebida,alcohol,Ron Barceló,botella,70cl,24.0,11.21,269.03,21.0
1cHuRPd1xPNU6fJUQxyhKnHmzOJYt3-Ys,Miguel Merino Distribuciones SL,2026-08-04,"BALLANTINE`S 0,7L(6U)",bebida,alcohol,Ballantine's,botella,70cl,24.0,11.13,267.16,21.0
1cHuRPd1xPNU6fJUQxyhKnHmzOJYt3-Ys,Miguel Merino Distribuciones SL,2026-08-04,"HAVANA RON AÑEJO ORIGEN 0,7L(6U)",bebida,alcohol,Havana Club,botella,70cl,30.0,10.03,300.99,21.0
1cHuRPd1xPNU6fJUQxyhKnHmzOJYt3-Ys,Miguel Merino Distribuciones SL,2026-08-04,RETIRA CLIENTE DOMINGO 02 08,otros_consumo,,,,,0.0,0.0,0.0,4.0
1ZxB6Y3Lx_13vEfWByxVNV9XH3W4bDfxX,Miguel Merino Distribuciones SL,2026-07-31,"BALLANTINE`S 0,7L(6U)",bebida,alcohol,Ballantine's,botella,70cl,6.0,11.13,66.79,21.0
1ZxB6Y3Lx_13vEfWByxVNV9XH3W4bDfxX,Miguel Merino Distribuciones SL,2026-07-31,"BEEFEATER GIN 0,7L(6U)",bebida,alcohol,Beefeater,botella,70cl,8.0,11.82,94.58,21.0
1ZxB6Y3Lx_13vEfWByxVNV9XH3W4bDfxX,Miguel Merino Distribuciones SL,2026-07-31,"ABSOLUT 0,7L(6U)",bebida,alcohol,Absolut,botella,70cl,5.0,11.19,55.95,21.0
1ZxB6Y3Lx_13vEfWByxVNV9XH3W4bDfxX,Miguel Merino Distribuciones SL,2026-07-31,"HAVANA 7 AÑOS 0,7L(6U)",bebida,alcohol,Havana Club,botella,70cl,4.0,18.76,75.05,21.0
1ZxB6Y3Lx_13vEfWByxVNV9XH3W4bDfxX,Miguel Merino Distribuciones SL,2026-07-31,"M&C BRUT IMPERIAL 0,75L(6U)",bebida,vino,Moët & Chandon,botella,75cl,4.0,34.6,138.4,21.0
1ZxB6Y3Lx_13vEfWByxVNV9XH3W4bDfxX,Miguel Merino Distribuciones SL,2026-07-31,RED BULL ENERGY DRINK (24U),bebida,refresco,Red Bull,lata,24x25cl,8.0,29.3,234.37,21.0
1ZxB6Y3Lx_13vEfWByxVNV9XH3W4bDfxX,Miguel Merino Distribuciones SL,2026-07-31,"CHIVAS REGAL 0,7L(6U)",bebida,alcohol,Chivas Regal,botella,70cl,2.0,22.38,44.76,21.0
1ZxB6Y3Lx_13vEfWByxVNV9XH3W4bDfxX,Miguel Merino Distribuciones SL,2026-07-31,"CHIVAS REGAL 16 AÑOS 0,7L(6U)",bebida,alcohol,Chivas Regal,botella,70cl,1.0,47.53,47.53,21.0
1ZxB6Y3Lx_13vEfWByxVNV9XH3W4bDfxX,Miguel Merino Distribuciones SL,2026-07-31,"LUC BELAIRE BRUT GOLD FANTOME 0,75L(6U)",bebida,vino,Luc Belaire,botella,75cl,6.0,27.09,162.54,21.0
1ZxB6Y3Lx_13vEfWByxVNV9XH3W4bDfxX,Miguel Merino Distribuciones SL,2026-07-31,"J.WALKER BLACK 0,7L(6U)",bebida,alcohol,Johnnie Walker,botella,70cl,1.0,20.87,20.87,21.0
1ryCdMbIuMUZmF7dJq9UZBxy3r5J6KtXh,Miguel Merino Distribuciones SL,2026-07-31,"J.WALKER BLACK 0,7L(6U)",bebida,alcohol,Johnnie Walker,botella,70cl,6.0,20.87,125.23,21.0
1ryCdMbIuMUZmF7dJq9UZBxy3r5J6KtXh,Miguel Merino Distribuciones SL,2026-07-31,"BALLANTINE`S 0,7L(6U)",bebida,alcohol,Ballantine's,botella,70cl,30.0,11.13,333.95,21.0
1ryCdMbIuMUZmF7dJq9UZBxy3r5J6KtXh,Miguel Merino Distribuciones SL,2026-07-31,"BEEFEATER GIN 0,7L(6U)",bebida,alcohol,Beefeater,botella,70cl,42.0,11.82,496.52,21.0
1ryCdMbIuMUZmF7dJq9UZBxy3r5J6KtXh,Miguel Merino Distribuciones SL,2026-07-31,"ABSOLUT 0,7L(6U)",bebida,alcohol,Absolut,botella,70cl,30.0,11.19,335.7,21.0
1ryCdMbIuMUZmF7dJq9UZBxy3r5J6KtXh,Miguel Merino Distribuciones SL,2026-07-31,"BALLANTINE`S 0,7L(6U)",bebida,alcohol,Ballantine's,botella,70cl,12.0,11.13,133.58,21.0
1ryCdMbIuMUZmF7dJq9UZBxy3r5J6KtXh,Miguel Merino Distribuciones SL,2026-07-31,"BEEFEATER GIN 0,7L(6U)",bebida,alcohol,Beefeater,botella,70cl,12.0,11.82,141.86,21.0
15dKJpLzxEzWPiesIUVwOYHNtG32kH6z4,Monbake Grupo Empresarial SAU,2026-07-31,CUADRADO CRISTAL 28 UDS MONBAKE,comida,,Monbake,caja,28 uds,1.0,7.89,7.89,4.0
15dKJpLzxEzWPiesIUVwOYHNtG32kH6z4,Monbake Grupo Empresarial SAU,2026-07-31,PAN DE MOLDE 10UDS,comida,,Monbake,unidad,10 uds,10.0,2.698,26.98,4.0
15dKJpLzxEzWPiesIUVwOYHNtG32kH6z4,Monbake Grupo Empresarial SAU,2026-07-31,PAN DE MOLDE 10UDS,comida,,Monbake,unidad,10 uds,10.0,2.698,26.98,4.0
1YbkEpnvhNIoonDivFCVTeu7oQSVv_YtK,CoverManager,2026-07-31,Servicios (July 2026) - CoverBookings,otros_consumo,,CoverManager,,,1.0,73.45,73.45,21.0
1YbkEpnvhNIoonDivFCVTeu7oQSVv_YtK,CoverManager,2026-07-31,Servicios (July 2026) - Web booking engine (Pax),otros_consumo,,CoverManager,,,104.0,0.0,0.0,21.0
1FVbuOQe2fzJdWWBmXz7342PsT_dvM4bg,Miguel Merino Distribuciones SL,2026-07-31,"CLASE AZUL TEQUILA REPOSADO 0,7L(6U)",bebida,alcohol,Clase Azul,caja 6 botellas,6x70cl,2.0,154.45,308.9,21.0
116kuskEmnyxthHgmhpz072Mkpj08uSx9,IPASUR LICORES & VINOS SL,2026-07-31,BISTRO SIDRA VASO REFORZAD 510CC (ALBARAN SF-1356 18/07/2026),otros_consumo,,,,510cc,312.0,0.663,206.86,21.0
116kuskEmnyxthHgmhpz072Mkpj08uSx9,IPASUR LICORES & VINOS SL,2026-07-31,BISTRO SIDRA VASO REFORZAD 510CC (ALBARAN SF-1376 21/07/2026),otros_consumo,,,,510cc,384.0,0.663,254.59,21.0
116kuskEmnyxthHgmhpz072Mkpj08uSx9,IPASUR LICORES & VINOS SL,2026-07-31,"V OURO 3,4 'R' 24un C.1 (ALBARAN SF-1406 23/07/2026)",bebida,cerveza,Ouro,botellin,caja 24 uds (retornable),3.0,12.489,37.47,21.0
116kuskEmnyxthHgmhpz072Mkpj08uSx9,IPASUR LICORES & VINOS SL,2026-07-31,BISTRO SIDRA VASO REFORZAD 510CC (ALBARAN SF-1449 28/07/2026),otros_consumo,,,,510cc,312.0,0.663,206.86,21.0
116kuskEmnyxthHgmhpz072Mkpj08uSx9,IPASUR LICORES & VINOS SL,2026-07-31,BISTRO SIDRA VASO REFORZAD 510CC (ALBARAN SF-1506 31/07/2026),otros_consumo,,,,510cc,216.0,0.663,143.21,21.0
116kuskEmnyxthHgmhpz072Mkpj08uSx9,IPASUR LICORES & VINOS SL,2026-07-31,"V OURO 3,4 'R' 24un C.1 (ALBARAN SF-1506 31/07/2026)",bebida,cerveza,Ouro,botellin,caja 24 uds (retornable),5.0,12.489,62.45,21.0
1z42_HLORhxXkpVojpTHUJzN5xa6clEge,Melgarejo Distribuidores de Bebidas SL,2026-07-31,"CAJA C/BOT SCHWEPPES 200 RET (Albarán AV-58480, devolución)",otros_consumo,,Schweppes,,,-27.0,5.2,-140.4,21.0
1z42_HLORhxXkpVojpTHUJzN5xa6clEge,Melgarejo Distribuidores de Bebidas SL,2026-07-31,"FIANZA 1/3 CRUZCAMPO (Albarán AV-58480, devolución)",otros_consumo,,Cruzcampo,,,-10.0,3.7,-37.0,21.0
1z42_HLORhxXkpVojpTHUJzN5xa6clEge,Melgarejo Distribuidores de Bebidas SL,2026-07-31,"FIANZA BARRIL 50 L (Albarán AV-58480, devolución)",otros_consumo,,,,50L,-1.0,12.02,-12.02,21.0
1z42_HLORhxXkpVojpTHUJzN5xa6clEge,Melgarejo Distribuidores de Bebidas SL,2026-07-31,"FIANZA 1/3 HEINEKEN LONG (Albarán AV-58480, devolución)",otros_consumo,,Heineken,,,-1.0,3.7,-3.7,21.0
1z42_HLORhxXkpVojpTHUJzN5xa6clEge,Melgarejo Distribuidores de Bebidas SL,2026-07-31,"CAJA C/BOT PEPSI 200 RET (Albarán AV-58480, devolución)",otros_consumo,,Pepsi,,,-1.0,4.8,-4.8,21.0
1z42_HLORhxXkpVojpTHUJzN5xa6clEge,Melgarejo Distribuidores de Bebidas SL,2026-07-31,"CAJA C/BOT SEVEN-UP 200 CC (Albarán AV-58480, devolución)",otros_consumo,,7Up,,,-4.0,4.8,-19.2,21.0
1z42_HLORhxXkpVojpTHUJzN5xa6clEge,Melgarejo Distribuidores de Bebidas SL,2026-07-31,VASOS MACETA PABLO (Albarán J-126761),otros_consumo,,,,,3.0,0.0,0.0,21.0
1z42_HLORhxXkpVojpTHUJzN5xa6clEge,Melgarejo Distribuidores de Bebidas SL,2026-07-31,1/3 RET. HEINEKEN LONG NECK (Albarán J-126761),bebida,cerveza,Heineken,botellin,24x33cl,2.0,40.89,81.78,21.0
1z42_HLORhxXkpVojpTHUJzN5xa6clEge,Melgarejo Distribuidores de Bebidas SL,2026-07-31,CRUZCAMPO SIN GLUTEN 33cl. 12 UDS (Albarán J-126761),bebida,cerveza,Cruzcampo,botellin,12x33cl,2.0,18.45,36.89,21.0
1z42_HLORhxXkpVojpTHUJzN5xa6clEge,Melgarejo Distribuidores de Bebidas SL,2026-07-31,1/3 CRUZCAMPO PILSEN RET (Albarán J-126761),bebida,cerveza,Cruzcampo,botellin,24x33cl,6.0,33.07,198.42,21.0
1z42_HLORhxXkpVojpTHUJzN5xa6clEge,Melgarejo Distribuidores de Bebidas SL,2026-07-31,"CRUZCAMPO 1904 BR CAJA 24X33 CL (Albarán J-126761, dto 25,99%)",bebida,cerveza,Cruzcampo,botellin,24x33cl,1.0,26.07,26.07,21.0
1z42_HLORhxXkpVojpTHUJzN5xa6clEge,Melgarejo Distribuidores de Bebidas SL,2026-07-31,"SEVEN FREE RET 200 CC (Albarán J-126761, dto 30%)",bebida,refresco,7Up,,20cl,5.0,16.3,81.48,21.0
1z42_HLORhxXkpVojpTHUJzN5xa6clEge,Melgarejo Distribuidores de Bebidas SL,2026-07-31,"PEPSI MAX AXL RET 200CC (Albarán J-126761, dto 30%)",bebida,refresco,Pepsi,,20cl,10.0,17.47,174.72,21.0
1z42_HLORhxXkpVojpTHUJzN5xa6clEge,Melgarejo Distribuidores de Bebidas SL,2026-07-31,"PEPSI REGULAR AXL RET 200 CC (Albarán J-126761, dto 30%)",bebida,refresco,Pepsi,,20cl,13.0,17.47,227.14,21.0
1z42_HLORhxXkpVojpTHUJzN5xa6clEge,Melgarejo Distribuidores de Bebidas SL,2026-07-31,"SCH TONICA RET 28X1X200ML (Albarán J-126761, dto 30%)",bebida,refresco,Schweppes,,28x20cl,10.0,22.34,223.44,21.0
1z42_HLORhxXkpVojpTHUJzN5xa6clEge,Melgarejo Distribuidores de Bebidas SL,2026-07-31,"SCH NARANJA LOW CAL RET 28X1X200 (Albarán J-126761, dto 30%)",bebida,refresco,Schweppes,,28x20cl,4.0,18.23,72.91,21.0
1z42_HLORhxXkpVojpTHUJzN5xa6clEge,Melgarejo Distribuidores de Bebidas SL,2026-07-31,"SCH LIMO LOW RET 28X200ML (Albarán J-126761, dto 30%)",bebida,refresco,Schweppes,,28x20cl,10.0,18.23,182.28,21.0
1z42_HLORhxXkpVojpTHUJzN5xa6clEge,Melgarejo Distribuidores de Bebidas SL,2026-07-31,FIANZA 1/3 CRUZCAMPO (Albarán J-126761),otros_consumo,,Cruzcampo,,,7.0,3.7,25.9,21.0
1z42_HLORhxXkpVojpTHUJzN5xa6clEge,Melgarejo Distribuidores de Bebidas SL,2026-07-31,FIANZA 1/3 HEINEKEN LONG (Albarán J-126761),otros_consumo,,Heineken,,,2.0,3.7,7.4,21.0
1z42_HLORhxXkpVojpTHUJzN5xa6clEge,Melgarejo Distribuidores de Bebidas SL,2026-07-31,CAJA C/BOT SEVEN-UP 200 CC (Albarán J-126761),otros_consumo,,7Up,,,5.0,4.8,24.0,21.0
1z42_HLORhxXkpVojpTHUJzN5xa6clEge,Melgarejo Distribuidores de Bebidas SL,2026-07-31,CAJA C/BOT PEPSI 200 RET (Albarán J-126761),otros_consumo,,Pepsi,,,23.0,4.8,110.4,21.0
1z42_HLORhxXkpVojpTHUJzN5xa6clEge,Melgarejo Distribuidores de Bebidas SL,2026-07-31,CAJA C/BOT SCHWEPPES 200 RET (Albarán J-126761),otros_consumo,,Schweppes,,,24.0,5.2,124.8,21.0
1z42_HLORhxXkpVojpTHUJzN5xa6clEge,Melgarejo Distribuidores de Bebidas SL,2026-07-31,MONTECILLO BLANCO VERDEJO (Albarán J-126762),bebida,vino,Montecillo,,75cl,5.0,6.06,30.29,21.0
1z42_HLORhxXkpVojpTHUJzN5xa6clEge,Melgarejo Distribuidores de Bebidas SL,2026-07-31,MONTECILLO BLANCO VERDEJO ** Promocion ** (Albarán J-126762),bebida,vino,Montecillo,,75cl,1.0,0.0,0.0,21.0
1z42_HLORhxXkpVojpTHUJzN5xa6clEge,Melgarejo Distribuidores de Bebidas SL,2026-07-31,"SCH SEL AGUA CON GAS 12X1X20CL (Albarán J-126762, dto 50%)",bebida,agua,Schweppes,,12x20cl,2.0,11.82,23.64,10.0
1z42_HLORhxXkpVojpTHUJzN5xa6clEge,Melgarejo Distribuidores de Bebidas SL,2026-07-31,VASOS MACETA PABLO (Albarán J-126950),otros_consumo,,,,,3.0,0.0,0.0,21.0
1z42_HLORhxXkpVojpTHUJzN5xa6clEge,Melgarejo Distribuidores de Bebidas SL,2026-07-31,"EL AGUILA SIN FILTRAR 33cl 12UDS (Albarán J-126950, dto 39,98%)",bebida,cerveza,El Águila,botellin,12x33cl,1.0,11.78,11.78,21.0
1z42_HLORhxXkpVojpTHUJzN5xa6clEge,Melgarejo Distribuidores de Bebidas SL,2026-07-31,"SEVEN FREE RET 200 CC (Albarán J-126950, dto 30%)",bebida,refresco,7Up,,20cl,5.0,16.3,81.48,21.0
1z42_HLORhxXkpVojpTHUJzN5xa6clEge,Melgarejo Distribuidores de Bebidas SL,2026-07-31,"PEPSI MAX AXL RET 200CC (Albarán J-126950, dto 30%)",bebida,refresco,Pepsi,,20cl,10.0,17.47,174.72,21.0
1z42_HLORhxXkpVojpTHUJzN5xa6clEge,Melgarejo Distribuidores de Bebidas SL,2026-07-31,"PEPSI REGULAR AXL RET 200 CC (Albarán J-126950, dto 30%)",bebida,refresco,Pepsi,,20cl,14.0,17.47,244.61,21.0
1z42_HLORhxXkpVojpTHUJzN5xa6clEge,Melgarejo Distribuidores de Bebidas SL,2026-07-31,"SCH TONICA RET 28X1X200ML (Albarán J-126950, dto 30%)",bebida,refresco,Schweppes,,28x20cl,10.0,22.34,223.44,21.0
1z42_HLORhxXkpVojpTHUJzN5xa6clEge,Melgarejo Distribuidores de Bebidas SL,2026-07-31,"SCH WILD BERRY RET 28X20CL (Albarán J-126950, dto 40%)",bebida,refresco,Schweppes,,28x20cl,3.0,15.62,46.87,21.0
1z42_HLORhxXkpVojpTHUJzN5xa6clEge,Melgarejo Distribuidores de Bebidas SL,2026-07-31,"LCA TDV LIMON RET 24X1X275ML (Albarán J-126950, dto 50%) - tinto de verano La Casera",bebida,otros,La Casera,,"24x27,5cl",1.0,16.44,16.44,21.0
1z42_HLORhxXkpVojpTHUJzN5xa6clEge,Melgarejo Distribuidores de Bebidas SL,2026-07-31,"SCH NARANJA LOW CAL RET 28X1X200 (Albarán J-126950, dto 30%)",bebida,refresco,Schweppes,,28x20cl,4.0,18.23,72.91,21.0
1z42_HLORhxXkpVojpTHUJzN5xa6clEge,Melgarejo Distribuidores de Bebidas SL,2026-07-31,"SCH LIMO LOW RET 28X200ML (Albarán J-126950, dto 30%)",bebida,refresco,Schweppes,,28x20cl,10.0,18.23,182.28,21.0
1z42_HLORhxXkpVojpTHUJzN5xa6clEge,Melgarejo Distribuidores de Bebidas SL,2026-07-31,"CAJA C/BOT SCHWEPPES 200 RET (Albarán J-126950, devolución)",otros_consumo,,Schweppes,,,-22.0,5.2,-114.4,21.0
1z42_HLORhxXkpVojpTHUJzN5xa6clEge,Melgarejo Distribuidores de Bebidas SL,2026-07-31,"CAJA C/BOT SEVEN-UP 200 CC (Albarán J-126950, devolución)",otros_consumo,,7Up,,,-6.0,4.8,-28.8,21.0
1z42_HLORhxXkpVojpTHUJzN5xa6clEge,Melgarejo Distribuidores de Bebidas SL,2026-07-31,"CAJA C/BOT PEPSI 200 RET (Albarán J-126950, devolución)",otros_consumo,,Pepsi,,,-30.0,4.8,-144.0,21.0
1z42_HLORhxXkpVojpTHUJzN5xa6clEge,Melgarejo Distribuidores de Bebidas SL,2026-07-31,CAJA C/BOT SEVEN-UP 200 CC (Albarán J-126950),otros_consumo,,7Up,,,5.0,4.8,24.0,21.0
1z42_HLORhxXkpVojpTHUJzN5xa6clEge,Melgarejo Distribuidores de Bebidas SL,2026-07-31,CAJA C/BOT PEPSI 200 RET (Albarán J-126950),otros_consumo,,Pepsi,,,24.0,4.8,115.2,21.0
1z42_HLORhxXkpVojpTHUJzN5xa6clEge,Melgarejo Distribuidores de Bebidas SL,2026-07-31,"CAJA C/BOT TRINA 27,5 RET (Albarán J-126950)",otros_consumo,,Trina,,,1.0,4.8,4.8,21.0
1z42_HLORhxXkpVojpTHUJzN5xa6clEge,Melgarejo Distribuidores de Bebidas SL,2026-07-31,CAJA C/BOT SCHWEPPES 200 RET (Albarán J-126950),otros_consumo,,Schweppes,,,27.0,5.2,140.4,21.0
1z42_HLORhxXkpVojpTHUJzN5xa6clEge,Melgarejo Distribuidores de Bebidas SL,2026-07-31,"PEPSI REGULAR AXL RET 200 CC (Albarán J-126956, dto 30%)",bebida,refresco,Pepsi,,20cl,12.0,17.47,209.66,21.0
1z42_HLORhxXkpVojpTHUJzN5xa6clEge,Melgarejo Distribuidores de Bebidas SL,2026-07-31,"SCH TONICA RET 28X1X200ML (Albarán J-126956, dto 30%)",bebida,refresco,Schweppes,,28x20cl,5.0,22.34,111.72,21.0
1z42_HLORhxXkpVojpTHUJzN5xa6clEge,Melgarejo Distribuidores de Bebidas SL,2026-07-31,CAJA C/BOT PEPSI 200 RET (Albarán J-126956),otros_consumo,,Pepsi,,,12.0,4.8,57.6,21.0
1z42_HLORhxXkpVojpTHUJzN5xa6clEge,Melgarejo Distribuidores de Bebidas SL,2026-07-31,CAJA C/BOT SCHWEPPES 200 RET (Albarán J-126956),otros_consumo,,Schweppes,,,5.0,5.2,26.0,21.0
1z42_HLORhxXkpVojpTHUJzN5xa6clEge,Melgarejo Distribuidores de Bebidas SL,2026-07-31,BARRIL CRUZCAMPO 50L (Albarán J-127191),bebida,cerveza,Cruzcampo,barril,50L,3.0,168.0,504.0,21.0
1z42_HLORhxXkpVojpTHUJzN5xa6clEge,Melgarejo Distribuidores de Bebidas SL,2026-07-31,"BTLLA RV GINEBRA RIVES 70 CL (Albarán J-127191, dto 3%)",bebida,alcohol,Rives,,70cl,24.0,8.16,195.78,21.0
1z42_HLORhxXkpVojpTHUJzN5xa6clEge,Melgarejo Distribuidores de Bebidas SL,2026-07-31,BTLLA. FINO QUINTA 75cl ** Promocion ** (Albarán J-127191),bebida,vino,Osborne,,75cl,12.0,0.0,0.0,21.0
1z42_HLORhxXkpVojpTHUJzN5xa6clEge,Melgarejo Distribuidores de Bebidas SL,2026-07-31,1/3 CRUZCAMPO PILSEN RET (Albarán J-127191),bebida,cerveza,Cruzcampo,botellin,24x33cl,7.0,33.07,231.49,21.0
1z42_HLORhxXkpVojpTHUJzN5xa6clEge,Melgarejo Distribuidores de Bebidas SL,2026-07-31,"SEVEN FREE RET 200 CC (Albarán J-127191, dto 30%)",bebida,refresco,7Up,,20cl,5.0,16.3,81.48,21.0
1z42_HLORhxXkpVojpTHUJzN5xa6clEge,Melgarejo Distribuidores de Bebidas SL,2026-07-31,AGUA EVIAN CON GAS 200 X33 CL (Albarán J-127191),bebida,agua,Evian,,33cl,2.0,24.58,49.16,10.0
1z42_HLORhxXkpVojpTHUJzN5xa6clEge,Melgarejo Distribuidores de Bebidas SL,2026-07-31,BTLLA RIOJA MONTECILLO CZA 75 CL ** Promocion ** (Albarán J-127191),bebida,vino,Montecillo,,75cl,12.0,0.0,0.0,21.0
1z42_HLORhxXkpVojpTHUJzN5xa6clEge,Melgarejo Distribuidores de Bebidas SL,2026-07-31,"BTLLA WHITE LABEL 0,70 - DEMENTE (Albarán J-127191, dto 24,50%)",bebida,alcohol,Dewar's,,70cl,30.0,7.73,231.94,21.0
1z42_HLORhxXkpVojpTHUJzN5xa6clEge,Melgarejo Distribuidores de Bebidas SL,2026-07-31,MONTECILLO BLANCO VERDEJO ** Promocion ** (Albarán J-127191),bebida,vino,Montecillo,,75cl,12.0,0.0,0.0,21.0
1z42_HLORhxXkpVojpTHUJzN5xa6clEge,Melgarejo Distribuidores de Bebidas SL,2026-07-31,"SCH TONICA RET 28X1X200ML (Albarán J-127191, dto 30%)",bebida,refresco,Schweppes,,28x20cl,7.0,22.34,156.41,21.0
1z42_HLORhxXkpVojpTHUJzN5xa6clEge,Melgarejo Distribuidores de Bebidas SL,2026-07-31,"SCH SEL AGUA CON GAS 12X1X20CL (Albarán J-127191, dto 50%)",bebida,agua,Schweppes,,12x20cl,4.0,11.82,47.28,10.0
1z42_HLORhxXkpVojpTHUJzN5xa6clEge,Melgarejo Distribuidores de Bebidas SL,2026-07-31,"SCH NARANJA LOW CAL RET 28X1X200 (Albarán J-127191, dto 30%)",bebida,refresco,Schweppes,,28x20cl,7.0,18.23,127.6,21.0
1z42_HLORhxXkpVojpTHUJzN5xa6clEge,Melgarejo Distribuidores de Bebidas SL,2026-07-31,"SCH LIMO LOW RET 28X200ML (Albarán J-127191, dto 30%)",bebida,refresco,Schweppes,,28x20cl,11.0,18.23,200.51,21.0
1z42_HLORhxXkpVojpTHUJzN5xa6clEge,Melgarejo Distribuidores de Bebidas SL,2026-07-31,"CAJA C/BOT SEVEN-UP 200 CC (Albarán J-127191, devolución)",otros_consumo,,7Up,,,-6.0,4.8,-28.8,21.0
1z42_HLORhxXkpVojpTHUJzN5xa6clEge,Melgarejo Distribuidores de Bebidas SL,2026-07-31,"CAJA C/BOT PEPSI 200 RET (Albarán J-127191, devolución)",otros_consumo,,Pepsi,,,-25.0,4.8,-120.0,21.0
1z42_HLORhxXkpVojpTHUJzN5xa6clEge,Melgarejo Distribuidores de Bebidas SL,2026-07-31,"CAJA C/BOT SCHWEPPES 200 RET (Albarán J-127191, devolución)",otros_consumo,,Schweppes,,,-19.0,5.2,-98.8,21.0
1z42_HLORhxXkpVojpTHUJzN5xa6clEge,Melgarejo Distribuidores de Bebidas SL,2026-07-31,"FIANZA 1/3 CRUZCAMPO (Albarán J-127191, devolución)",otros_consumo,,Cruzcampo,,,-2.0,3.7,-7.4,21.0
1z42_HLORhxXkpVojpTHUJzN5xa6clEge,Melgarejo Distribuidores de Bebidas SL,2026-07-31,FIANZA 1/3 CRUZCAMPO (Albarán J-127191),otros_consumo,,Cruzcampo,,,7.0,3.7,25.9,21.0
1z42_HLORhxXkpVojpTHUJzN5xa6clEge,Melgarejo Distribuidores de Bebidas SL,2026-07-31,FIANZA BARRIL 50 L (Albarán J-127191),otros_consumo,,,,50L,3.0,12.02,36.06,21.0
1z42_HLORhxXkpVojpTHUJzN5xa6clEge,Melgarejo Distribuidores de Bebidas SL,2026-07-31,CAJA C/BOT SEVEN-UP 200 CC (Albarán J-127191),otros_consumo,,7Up,,,5.0,4.8,24.0,21.0
1z42_HLORhxXkpVojpTHUJzN5xa6clEge,Melgarejo Distribuidores de Bebidas SL,2026-07-31,CAJA C/BOT SCHWEPPES 200 RET (Albarán J-127191),otros_consumo,,Schweppes,,,25.0,5.2,130.0,21.0
1z42_HLORhxXkpVojpTHUJzN5xa6clEge,Melgarejo Distribuidores de Bebidas SL,2026-07-31,"DISARONNO ORIGINALE 0,70 cl (Albarán J-127192)",bebida,alcohol,Disaronno,,70cl,5.0,13.27,66.34,21.0
1z42_HLORhxXkpVojpTHUJzN5xa6clEge,Melgarejo Distribuidores de Bebidas SL,2026-07-31,"DISARONNO ORIGINALE 0,70 cl ** Promocion ** (Albarán J-127192)",bebida,alcohol,Disaronno,,70cl,1.0,0.0,0.0,21.0
1z42_HLORhxXkpVojpTHUJzN5xa6clEge,Melgarejo Distribuidores de Bebidas SL,2026-07-31,AQUAREL PET 33cl 35 UDS (Albarán J-127192),bebida,agua,Nestlé Aquarel,,35x33cl,2.0,6.04,12.08,10.0
1kJmuLdkFtkWN0tZAuOVo_Rbyo-sZT3qE,Google Cloud EMEA Limited,2026-07-31,Google Workspace Business Starter - Utilización 1 jul - 31 jul,otros_consumo,,Google,,,1.0,8.1,8.1,0.0
1zVOVxyNzm1_wVthf3VblYvL_eGunT63W,Coca-Cola European Partners Iberia SLU,2026-07-31,544 COCACOLA VR237 C24.,bebida,refresco,Coca-Cola,botellin,24x237ml,35.0,17.83,624.12,21.0
1zVOVxyNzm1_wVthf3VblYvL_eGunT63W,Coca-Cola European Partners Iberia SLU,2026-07-31,554 COCACOLA ZER VR237 C24,bebida,refresco,Coca-Cola,botellin,24x237ml,25.0,17.83,445.8,21.0
1zVOVxyNzm1_wVthf3VblYvL_eGunT63W,Coca-Cola European Partners Iberia SLU,2026-07-31,910 CAJA+BOTELLAS VR237 (8 oz). (cargo fianza envases),otros_consumo,,Coca-Cola,,caja 24x237ml (envase retornable),60.0,4.8,288.0,21.0
1zVOVxyNzm1_wVthf3VblYvL_eGunT63W,Coca-Cola European Partners Iberia SLU,2026-07-31,910 CAJA+BOTELLAS VR237 (8 oz). (devolucion fianza envases),otros_consumo,,Coca-Cola,,caja 24x237ml (envase retornable),-11.0,4.8,-52.8,21.0
1FSvfd0IIEGJPT04piELqHFw0wXru_5rG,Miguel Merino Distribuciones SL,2026-07-29,"OLMECA BLANCO TEQUILA 0,7L(6U)",bebida,alcohol,Olmeca,,70cl,30.0,9.62,288.45,21.0
1Fq7kCVr5DtXZ7-x52FAAVmCJ_RpNJEtR,Miguel Merino Distribuciones SL,2026-07-29,"BEEFEATER GIN 0,7L(6U)",bebida,alcohol,Beefeater,botella,70cl,36.0,11.82,425.59,21.0
1Fq7kCVr5DtXZ7-x52FAAVmCJ_RpNJEtR,Miguel Merino Distribuciones SL,2026-07-29,"HAVANA RON AÑEJO ORIGEN 0,7L(6U)",bebida,alcohol,Havana Club,botella,70cl,36.0,10.03,361.19,21.0
1Fq7kCVr5DtXZ7-x52FAAVmCJ_RpNJEtR,Miguel Merino Distribuciones SL,2026-07-29,"SEAGRAM`S GIN 0,7L(6U)",bebida,alcohol,Seagram's,botella,70cl,12.0,13.18,158.2,21.0
1Fq7kCVr5DtXZ7-x52FAAVmCJ_RpNJEtR,Miguel Merino Distribuciones SL,2026-07-29,"ABSOLUT 0,7L(6U)",bebida,alcohol,Absolut,botella,70cl,24.0,11.19,268.56,21.0
1Fq7kCVr5DtXZ7-x52FAAVmCJ_RpNJEtR,Miguel Merino Distribuciones SL,2026-07-29,"BALLANTINE`S 0,7L(6U) ED. KISS",bebida,alcohol,Ballantine's,botella,70cl,30.0,11.13,333.95,21.0
1kga3-mCIYpxyZR2n2Tu_8mJ61_2sHA7C,Picking Gades SL,2026-07-29,Carpaccio vaca ultracongelado raciones 90 g (C/15 uds),comida,,,Caja,15x90g,1.0,58.4,58.4,10.0
1kga3-mCIYpxyZR2n2Tu_8mJ61_2sHA7C,Picking Gades SL,2026-07-29,Pastrami loncheado 150 g cong,comida,,,C/14 sobres,14x150g,1.0,76.4067,76.41,10.0
1kga3-mCIYpxyZR2n2Tu_8mJ61_2sHA7C,Picking Gades SL,2026-07-29,Steak tartar ultracongelado 135 gr. (12 und/caja),comida,,,C/12 uds,12x135g,2.0,57.2658,114.53,10.0
1HDiBwvNHvzohFaQFicQEs5yYvgNwGNAn,Monbake Grupo Empresarial SAU,2026-06-30,REBANADAS DE PAN PAYES 5UDS MONB,comida,,Monbake,caja,5 uds/caja,2.0,41.105,82.21,4.0
1HDiBwvNHvzohFaQFicQEs5yYvgNwGNAn,Monbake Grupo Empresarial SAU,2026-06-30,PAN DE MOLDE 10UDS,comida,,Monbake,unidad,10 uds,10.0,2.698,26.98,4.0
1HDiBwvNHvzohFaQFicQEs5yYvgNwGNAn,Monbake Grupo Empresarial SAU,2026-06-30,CUADRADO CRISTAL 28 UDS MONBAKE,comida,,Monbake,caja,28 uds/caja,4.0,7.895,31.58,4.0
19RbqsgzpV5v-6ge0biVVxJGLLuSvlFRz,Fernando Chávarri Salrá (DJ Chaver),2026-07-14,Prestación de servicios DJ CHAVER en eventos musicales en DINGUI el dia 10 de Julio 2026 (10/07/2026),otros_consumo,,,,,1.0,250.0,250.0,21.0
1O4RgJvd60svE1qwORL822QKZBWw6YMqe,Fernando Chávarri Salrá (DJ Chaver),2026-07-27,Prestación de servicios DJ CHAVER en eventos musicales en la sala DINGUI el dia 25 de Julio 2026 (25/07/2026),otros_consumo,,,,,1.0,200.0,200.0,21.0
1glFMrsxYXuWjqDj6iOPzSdj9lmLsJaSR,DANIEL FELIX ALONSO RODRIGUEZ,2026-07-31,Sesion DJ Danielo 17 de Julio,otros_consumo,,,,,1.0,250.0,250.0,21.0
1vNh4U-YMRrvyvAFzv9ScuFabcDQOBiov,Hielo Express Los Mellis,2026-07-20,HIELO (146 sacos x4),otros_consumo,,Hielo Express,saco,,146.0,4.0,530.91,10.0
1vNh4U-YMRrvyvAFzv9ScuFabcDQOBiov,Hielo Express Los Mellis,2026-07-20,HIELO ESCAMA 20K,otros_consumo,,Hielo Express,saco,20kg,1.0,7.0,6.36,10.0
1vNh4U-YMRrvyvAFzv9ScuFabcDQOBiov,Hielo Express Los Mellis,2026-07-20,HIELO PICADO,otros_consumo,,Hielo Express,saco,,1.0,5.0,4.55,10.0
1vNh4U-YMRrvyvAFzv9ScuFabcDQOBiov,Hielo Express Los Mellis,2026-07-20,CAJA FANTA LIMON,bebida,refresco,Fanta,caja,,5.0,18.9,78.1,21.0
1vNh4U-YMRrvyvAFzv9ScuFabcDQOBiov,Hielo Express Los Mellis,2026-07-20,CAJA FANTA NARANJA,bebida,refresco,Fanta,caja,,2.0,18.9,31.24,21.0
1vNh4U-YMRrvyvAFzv9ScuFabcDQOBiov,Hielo Express Los Mellis,2026-07-20,CAJA SPRITE,bebida,refresco,Sprite,caja,,2.0,18.9,31.24,21.0
1vNh4U-YMRrvyvAFzv9ScuFabcDQOBiov,Hielo Express Los Mellis,2026-07-20,CAJA COCACOLA 237,bebida,refresco,Coca-Cola,caja,24x237ml,5.0,21.9,90.5,21.0
1vNh4U-YMRrvyvAFzv9ScuFabcDQOBiov,Hielo Express Los Mellis,2026-07-20,CAJA COCACOLA ZERO 237,bebida,refresco,Coca-Cola Zero,caja,24x237ml,5.0,21.9,90.5,21.0
1vNh4U-YMRrvyvAFzv9ScuFabcDQOBiov,Hielo Express Los Mellis,2026-07-20,CAJA MONSTER,bebida,refresco,Monster,caja,,3.0,28.0,69.42,21.0
1CIS-IETKdk5gtL3cGbbWosGMyXS2qS_O,Miguel Merino Distribuciones SL,2026-08-05,RED BULL ENERGY DRINK (24U),bebida,refresco,Red Bull,lata,24x25cl,10.0,29.3,292.96,21.0
18diGKeiI1kCARSqGlP58X-90OEv3HCUI,Miguel Merino Distribuciones SL,2026-08-04,"J.WALKER BLACK 0,7L(6U)",bebida,alcohol,Johnnie Walker,botella,70cl,12.0,20.87,250.45,21.0
18diGKeiI1kCARSqGlP58X-90OEv3HCUI,Miguel Merino Distribuciones SL,2026-08-04,"BEEFEATER GIN 0,7L(6U)",bebida,alcohol,Beefeater,botella,70cl,48.0,11.82,567.45,21.0
18diGKeiI1kCARSqGlP58X-90OEv3HCUI,Miguel Merino Distribuciones SL,2026-08-04,"BALLANTINE`S 0,7L(6U)",bebida,alcohol,Ballantine's,botella,70cl,48.0,11.13,534.32,21.0
18diGKeiI1kCARSqGlP58X-90OEv3HCUI,Miguel Merino Distribuciones SL,2026-08-04,"SEAGRAM`S GIN 0,7L(6U)",bebida,alcohol,Seagram's,botella,70cl,24.0,13.18,316.39,21.0
18diGKeiI1kCARSqGlP58X-90OEv3HCUI,Miguel Merino Distribuciones SL,2026-08-04,"HAVANA RON AÑEJO ORIGEN 0,7L(6U)",bebida,alcohol,Havana Club,botella,70cl,48.0,10.03,481.59,21.0
18diGKeiI1kCARSqGlP58X-90OEv3HCUI,Miguel Merino Distribuciones SL,2026-08-04,"ZACAPA RON 23 AÑOS 0,7L(6U)",bebida,alcohol,Zacapa,botella,70cl,1.0,28.71,28.71,21.0
18diGKeiI1kCARSqGlP58X-90OEv3HCUI,Miguel Merino Distribuciones SL,2026-08-04,"J.WALKER RED 0,7L(6U)",bebida,alcohol,Johnnie Walker,botella,70cl,1.0,0.0,0.0,21.0
16EgjY8xuR4eT5TNxSvF0k_R4L5reWEFI,Makro Autoservicio Mayorista SA,2026-08-01,QSO VACA AHUM LONC 300G QUESAR,comida,,Quesar,,300g,2.0,3.25,6.5,4.0
16EgjY8xuR4eT5TNxSvF0k_R4L5reWEFI,Makro Autoservicio Mayorista SA,2026-08-01,QSO HAVARTI LONCH ARLA 1KG (D),comida,,Arla,,1kg,1.0,16.19,16.19,4.0
16EgjY8xuR4eT5TNxSvF0k_R4L5reWEFI,Makro Autoservicio Mayorista SA,2026-08-01,QSO CHEDDAR LONCH ROJO MC 1KG,comida,,Makro Chef,,1kg,1.0,7.95,7.95,4.0
16EgjY8xuR4eT5TNxSvF0k_R4L5reWEFI,Makro Autoservicio Mayorista SA,2026-08-01,QSO BRIE BARRA R.PICOT 500G,comida,,Reny Picot,,500g,1.0,7.59,7.59,4.0
16EgjY8xuR4eT5TNxSvF0k_R4L5reWEFI,Makro Autoservicio Mayorista SA,2026-08-01,SALMOREJO S/GLUTEN PET MC 1L,comida,,Makro Chef,,1L,1.0,3.29,3.29,10.0
16EgjY8xuR4eT5TNxSvF0k_R4L5reWEFI,Makro Autoservicio Mayorista SA,2026-08-01,GAZPACHO S/GLUTEN PET MC 1L,comida,,Makro Chef,,1L,1.0,2.99,2.99,10.0
16EgjY8xuR4eT5TNxSvF0k_R4L5reWEFI,Makro Autoservicio Mayorista SA,2026-08-01,HUMMUS MC TA 900 GR,comida,,Makro Chef,,900g,3.0,3.58,10.74,10.0
16EgjY8xuR4eT5TNxSvF0k_R4L5reWEFI,Makro Autoservicio Mayorista SA,2026-08-01,TOMATE RALLADO MC BT 1 L,comida,,Makro Chef,,1L,1.0,4.35,4.35,10.0
16EgjY8xuR4eT5TNxSvF0k_R4L5reWEFI,Makro Autoservicio Mayorista SA,2026-08-01,MAYONESA YBARRA 750ML,comida,,Ybarra,,750ml,2.0,3.35,6.7,10.0
16EgjY8xuR4eT5TNxSvF0k_R4L5reWEFI,Makro Autoservicio Mayorista SA,2026-08-01,WHISKY DEWAR'S W.LABEL 1L,bebida,alcohol,Dewar's,,1L,18.0,11.92,214.56,21.0
16EgjY8xuR4eT5TNxSvF0k_R4L5reWEFI,Makro Autoservicio Mayorista SA,2026-08-01,GINEBRA SEAGRAMS 70CL,bebida,alcohol,Seagram's,,70cl,6.0,12.09,72.54,21.0
16EgjY8xuR4eT5TNxSvF0k_R4L5reWEFI,Makro Autoservicio Mayorista SA,2026-08-01,RON AÑEJO BARCELO 70CL,bebida,alcohol,Ron Barceló,,70cl,18.0,11.95,215.1,21.0
16EgjY8xuR4eT5TNxSvF0k_R4L5reWEFI,Makro Autoservicio Mayorista SA,2026-08-01,BOLSA COMPRA MPRO,otros_consumo,,Metro Professional,,,1.0,1.5,1.5,21.0
1q5BHIS2TvTCw-FgqMc79-iJWg4s8VwR3,Hielo Express Los Mellis,2026-08-02,HIELO,otros_consumo,,,bolsa,,278.0,3.64,1010.91,10.0
1q5BHIS2TvTCw-FgqMc79-iJWg4s8VwR3,Hielo Express Los Mellis,2026-08-02,HIELO ESCAMA 20K,otros_consumo,,,saco,20kg,2.0,6.36,12.73,10.0
1q5BHIS2TvTCw-FgqMc79-iJWg4s8VwR3,Hielo Express Los Mellis,2026-08-02,CAJA COCACOLA ZERO 237,bebida,refresco,Coca-Cola,caja,237ml,7.0,18.1,126.69,21.0
1q5BHIS2TvTCw-FgqMc79-iJWg4s8VwR3,Hielo Express Los Mellis,2026-08-02,HIELO PICADO,otros_consumo,,,bolsa,,3.0,4.55,13.64,10.0
1q5BHIS2TvTCw-FgqMc79-iJWg4s8VwR3,Hielo Express Los Mellis,2026-08-02,CAJA COCACOLA 237,bebida,refresco,Coca-Cola,caja,237ml,5.0,18.1,90.5,21.0
1q5BHIS2TvTCw-FgqMc79-iJWg4s8VwR3,Hielo Express Los Mellis,2026-08-02,AGUA CON GAS PLASTICO AQUABONA,bebida,agua,Aquabona,caja PET,,8.0,9.01,72.07,21.0
1q5BHIS2TvTCw-FgqMc79-iJWg4s8VwR3,Hielo Express Los Mellis,2026-08-02,AGUA PLASTICO 5.0,bebida,agua,,caja PET,,5.0,7.27,36.36,10.0
1CHhkb9st2ls8IV1ATRdRcmpdbiistaqp,Jamones y Delicatessen La Encina (Javier Quintero Alarcón),2026-08-04,HICHARRON CADI,comida,,,,,6.0,1.6,9.6,10.0
1CHhkb9st2ls8IV1ATRdRcmpdbiistaqp,Jamones y Delicatessen La Encina (Javier Quintero Alarcón),2026-08-04,JAMON COCIDO,comida,,,,,1.68,16.0,26.88,10.0
1CHhkb9st2ls8IV1ATRdRcmpdbiistaqp,Jamones y Delicatessen La Encina (Javier Quintero Alarcón),2026-08-04,QUESO OLOROSO,comida,,,,,1.06,28.0,29.68,10.0
1CHhkb9st2ls8IV1ATRdRcmpdbiistaqp,Jamones y Delicatessen La Encina (Javier Quintero Alarcón),2026-08-04,QUESO PIMENTON,comida,,,,,0.96,28.0,26.88,10.0
1CHhkb9st2ls8IV1ATRdRcmpdbiistaqp,Jamones y Delicatessen La Encina (Javier Quintero Alarcón),2026-08-04,BANDERILLAS ATUN Y QYUESO,comida,,,,,4.0,12.5,50.0,10.0
1CHhkb9st2ls8IV1ATRdRcmpdbiistaqp,Jamones y Delicatessen La Encina (Javier Quintero Alarcón),2026-08-04,CECINA,comida,,,,,10.0,4.4,44.0,10.0
1HvQWvKIPOs_jWuVcxf3Qkarh3OG67Dzg,Coca-Cola European Partners Iberia SLU,2026-07-10,"544 COCACOLA VR237 C24. (Dto -30,02; Punto verde 0,10; Neto 71.84)",bebida,refresco,Coca-Cola,botella vidrio retornable,24x237ml,4.0,17.96,71.84,21.0
1HvQWvKIPOs_jWuVcxf3Qkarh3OG67Dzg,Coca-Cola European Partners Iberia SLU,2026-07-10,"554 COCACOLA ZER VR237 C24 (Dto -15,01; Punto verde 0,05; Neto 35.92)",bebida,refresco,Coca-Cola,botella vidrio retornable,24x237ml,2.0,17.96,35.92,21.0
1HvQWvKIPOs_jWuVcxf3Qkarh3OG67Dzg,Coca-Cola European Partners Iberia SLU,2026-07-10,910 CAJA+BOTELLAS VR237 (8 oz). (cargo fianza envases),otros_consumo,,Coca-Cola,,caja 24x237ml (envase retornable),6.0,4.8,28.8,21.0
1bkUc_L2VZf3wRnSBYxeXhN-9sZQQSPhR,Coca-Cola European Partners Iberia SLU,2026-07-16,"544 COCACOLA VR237 C24. (Dto -152,64; Punto verde 0,48; Neto 356.64)",bebida,refresco,Coca-Cola,botella vidrio retornable,24x237ml,20.0,17.83,356.64,21.0
1bkUc_L2VZf3wRnSBYxeXhN-9sZQQSPhR,Coca-Cola European Partners Iberia SLU,2026-07-16,"554 COCACOLA ZER VR237 C24 (Dto -76,32; Punto verde 0,24; Neto 178.32)",bebida,refresco,Coca-Cola,botella vidrio retornable,24x237ml,10.0,17.83,178.32,21.0
1bkUc_L2VZf3wRnSBYxeXhN-9sZQQSPhR,Coca-Cola European Partners Iberia SLU,2026-07-16,910 CAJA+BOTELLAS VR237 (8 oz). (cargo fianza envases),otros_consumo,,Coca-Cola,,caja 24x237ml (envase retornable),12.0,4.8,57.6,21.0
1mJLPlio0B5e3w2w0CPEYhyXasl6e9e9Y,Coca-Cola European Partners Iberia SLU,2026-07-29,910 CAJA+BOTELLAS VR237 (8 oz). (devolucion fianza envases),otros_consumo,,Coca-Cola,,caja 24x237ml (envase retornable),-19.0,4.8,-91.2,21.0
1x4ethPZrI5D-Wpg2smalz6YDwANlgSY0,Coca-Cola European Partners Iberia SLU,2026-07-29,"544 COCACOLA VR237 C24. (Dto -45,79; Punto verde 0,14; Neto 106.99)",bebida,refresco,Coca-Cola,botella vidrio retornable,24x237ml,6.0,17.83,106.99,21.0
1x4ethPZrI5D-Wpg2smalz6YDwANlgSY0,Coca-Cola European Partners Iberia SLU,2026-07-29,"4420 FUZE GTM VR30 C24. (Dto -15,40; Punto verde 0,02; Neto 17.74)",bebida,refresco,Fuze Tea,botella vidrio retornable,24x300ml,1.0,17.74,17.74,21.0
1RKy0d2fNpM81z99vZLjV16Ct6LjGetGP,Coca-Cola European Partners Iberia SLU,2026-07-31,"544 COCACOLA VR237 C24. (Dto -190,80; Punto verde 0,60; Neto 445.80)",bebida,refresco,Coca-Cola,botella vidrio retornable,24x237ml,25.0,17.83,445.8,21.0
1RKy0d2fNpM81z99vZLjV16Ct6LjGetGP,Coca-Cola European Partners Iberia SLU,2026-07-31,"554 COCACOLA ZER VR237 C24 (Dto -190,80; Punto verde 0,60; Neto 445.80)",bebida,refresco,Coca-Cola,botella vidrio retornable,24x237ml,25.0,17.83,445.8,21.0
1RKy0d2fNpM81z99vZLjV16Ct6LjGetGP,Coca-Cola European Partners Iberia SLU,2026-07-31,910 CAJA+BOTELLAS VR237 (8 oz). (cargo fianza envases),otros_consumo,,Coca-Cola,,caja 24x237ml (envase retornable),14.0,4.8,67.2,21.0
1JIDI3VcUIn-aa87cH5yeGkfP8Cv-4Zqu,Coca-Cola European Partners Iberia SLU,2026-08-06,910 CAJA+BOTELLAS VR237 (8 oz). (devolucion fianza envases),otros_consumo,,Coca-Cola,,caja 24x237ml (envase retornable),-36.0,4.8,-172.8,21.0
1jjH9k4bf-16j3KSJFzEkNz3PMIKVSvGe,Coca-Cola European Partners Iberia SLU,2026-08-06,"544 COCACOLA VR237 C24. (Dto -61,06; Punto verde 0,19; Neto 142.65)",bebida,refresco,Coca-Cola,botella vidrio retornable,24x237ml,8.0,17.83,142.65,21.0
1jjH9k4bf-16j3KSJFzEkNz3PMIKVSvGe,Coca-Cola European Partners Iberia SLU,2026-08-06,"554 COCACOLA ZER VR237 C24 (Dto -76,32; Punto verde 0,24; Neto 178.32)",bebida,refresco,Coca-Cola,botella vidrio retornable,24x237ml,10.0,17.83,178.32,21.0
1gkdghp7lS-u8juy7y-_cIqzrV_WTmWa-,Chaman Spiritual Drinks SL,2026-07-06,CHAMAN ORIGINAL 700ML,bebida,alcohol,Chaman,botella,70cl,60,6.5,390,21
1gkdghp7lS-u8juy7y-_cIqzrV_WTmWa-,Chaman Spiritual Drinks SL,2026-07-06,CHAMAN ORIGINAL 700ML,bebida,alcohol,Chaman,botella,70cl,60,6.5,390,21
1gkdghp7lS-u8juy7y-_cIqzrV_WTmWa-,Chaman Spiritual Drinks SL,2026-07-06,CHAMAN ORIGINAL 700ML,bebida,alcohol,Chaman,botella,70cl,90,6.5,585,21
1gkdghp7lS-u8juy7y-_cIqzrV_WTmWa-,Chaman Spiritual Drinks SL,2026-07-06,CHAMAN ORIGINAL 700ML,bebida,alcohol,Chaman,botella,70cl,60,6.5,390,21
1gkdghp7lS-u8juy7y-_cIqzrV_WTmWa-,Chaman Spiritual Drinks SL,2026-07-06,CHAMAN ORIGINAL 700ML,bebida,alcohol,Chaman,botella,70cl,60,6.5,390,21
1gkdghp7lS-u8juy7y-_cIqzrV_WTmWa-,Chaman Spiritual Drinks SL,2026-07-06,CHAMAN ORIGINAL 700ML (Alm. Narbona),bebida,alcohol,Chaman,botella,70cl,276,6.5,1794,21
1nEE_FfU8F6ZIUugIkPSWO3_OrEuTqaPn,"Coca-Cola Europacific Partners Iberia, S.L.U.",2026-08-28,COCACOLA VR237 C24.,bebida,refresco,Coca-Cola,caja,"24x23,7cl",20,17.832,356.64,21
1nEE_FfU8F6ZIUugIkPSWO3_OrEuTqaPn,"Coca-Cola Europacific Partners Iberia, S.L.U.",2026-08-28,COCACOLA ZER VR237 C24,bebida,refresco,Coca-Cola,caja,"24x23,7cl",40,17.832,713.28,21
1nEE_FfU8F6ZIUugIkPSWO3_OrEuTqaPn,"Coca-Cola Europacific Partners Iberia, S.L.U.",2026-08-28,CAJA+BOTELLAS VR237 (8 oz).,otros_consumo,,Coca-Cola,caja,"24x23,7cl",5,4.8,24.0,21
1z1p9zArw4pzzcHKtNShe7rZ-DUK4vSeN,Coca-Cola European Partners Iberia SLU,2026-07-31,COCACOLA VR237 C24.,bebida,refresco,Coca-Cola,caja,"24x23,7cl",35,17.832,624.12,21
1z1p9zArw4pzzcHKtNShe7rZ-DUK4vSeN,Coca-Cola European Partners Iberia SLU,2026-07-31,COCACOLA ZER VR237 C24,bebida,refresco,Coca-Cola,caja,"24x23,7cl",25,17.832,445.8,21
1z1p9zArw4pzzcHKtNShe7rZ-DUK4vSeN,Coca-Cola European Partners Iberia SLU,2026-07-31,CAJA+BOTELLAS VR237 (8 oz).,otros_consumo,,Coca-Cola,caja,"24x23,7cl",49,4.8,235.2,21
1S2fh7LOASxMKnAqPtbNlKVy_T4air7Yn,Coca-Cola European Partners Iberia SLU,2026-08-20,CAJA+BOTELLAS VR237 (8 oz).,otros_consumo,,Coca-Cola,caja,"24x23,7cl",-8,4.8,-38.4,21
1rcZf7V39OXJQmp81UeVQYn63A7d1cpmS,Hielo Express Los Mellis,2026-09-03,HIELO,otros_consumo,,,bolsa,,20,3.6365,72.73,10
1XeIri5SWTrQO29DkdNQ-IHvuRHjJvqpS,Jamones y Delicatessen La Encina (Javier Quintero),2026-08-07,JAMON COCIDO,comida,,,kg,,1.9,16.0,30.4,10
1SSZXRgJbnKAzs09nv04ThnwBXsH-ja-V,Javier Quintero Alarcón (Jamones La Encina),2026-08-21,QUESO AMONTILLADO EL BOSQUEÑO,comida,,El Bosqueño,kg,,1.98,29.5,58.41,10
1SSZXRgJbnKAzs09nv04ThnwBXsH-ja-V,Javier Quintero Alarcón (Jamones La Encina),2026-08-21,CHAMPAN ICE ROSADO,bebida,vino,,botella,,1,54.55,54.55,10
1Ojfh8bY2f52RPG6Gmq5Ww69k5q6kPjOt,MAKRO DISTRIBUCION MAYORISTA S.A.,2026-07-22,QSO EMMENTAL LONCH LAFUENT 1KG,comida,,Lafuente,paquete,1kg,2,8.75,17.5,4
1Ojfh8bY2f52RPG6Gmq5Ww69k5q6kPjOt,MAKRO DISTRIBUCION MAYORISTA S.A.,2026-07-22,QSO HAVARTI LONCH ARLA 1KG (D),comida,,Arla,bolsa,1kg,2,16.19,32.38,4
1Ojfh8bY2f52RPG6Gmq5Ww69k5q6kPjOt,MAKRO DISTRIBUCION MAYORISTA S.A.,2026-07-22,COMPRA MÁS PAGA MENOS (QSO HAVARTI),otros_consumo,,Arla,DESCUENTO/PORTES,,1,-3.28,-3.28,4
1Ojfh8bY2f52RPG6Gmq5Ww69k5q6kPjOt,MAKRO DISTRIBUCION MAYORISTA S.A.,2026-07-22,QSO CHEDDAR LONCH ROJO MC 1KG,comida,,Makro Chef,bolsa,1kg,1,8.4,8.4,4
1Ojfh8bY2f52RPG6Gmq5Ww69k5q6kPjOt,MAKRO DISTRIBUCION MAYORISTA S.A.,2026-07-22,PEPINIL.SAND.AGRID.B.CAM.370GN,comida,,,frasco,370g,3,3.09,9.27,10
1BTTcJcO_BiPO_u1WdnE6UEr1IFq7nqin,MAKRO DISTRIBUCION MAYORISTA S.A.,2026-08-07,MIX GOURMET RIOBA 20GX50,comida,,Rioba,caja,50x20g,1,7.29,7.29,4
1BTTcJcO_BiPO_u1WdnE6UEr1IFq7nqin,MAKRO DISTRIBUCION MAYORISTA S.A.,2026-08-07,MANTEQUILLA MC BQ 1KG,comida,,Makro Chef,bloque,1kg,1,9.04,9.04,10
1BTTcJcO_BiPO_u1WdnE6UEr1IFq7nqin,MAKRO DISTRIBUCION MAYORISTA S.A.,2026-08-07,QSO VACA AHUM LONC 300G QUESAR,comida,,Quesar,bolsa,300g,2,3.39,6.78,4
1BTTcJcO_BiPO_u1WdnE6UEr1IFq7nqin,MAKRO DISTRIBUCION MAYORISTA S.A.,2026-08-07,QSO HAVARTI LONCH ARLA 1KG (D),comida,,Arla,bolsa,1kg,1,16.19,16.19,4
1BTTcJcO_BiPO_u1WdnE6UEr1IFq7nqin,MAKRO DISTRIBUCION MAYORISTA S.A.,2026-08-07,QSO CHEDDAR LONCH ROJO MC 1KG,comida,,Makro Chef,bolsa,1kg,1,7.95,7.95,4
1BTTcJcO_BiPO_u1WdnE6UEr1IFq7nqin,MAKRO DISTRIBUCION MAYORISTA S.A.,2026-08-07,PULLED PORK BBQ BL 550G TULIP,comida,,Tulip,bolsa,550g,1,7.75,7.75,10
1BTTcJcO_BiPO_u1WdnE6UEr1IFq7nqin,MAKRO DISTRIBUCION MAYORISTA S.A.,2026-08-07,ZURRAPA LOMO ICARBEN TA 500G,comida,,Icarben,tarrina,500g,2,5.55,11.1,10
1BTTcJcO_BiPO_u1WdnE6UEr1IFq7nqin,MAKRO DISTRIBUCION MAYORISTA S.A.,2026-08-07,SOBRASADA EXT EL POZO 250G,comida,,El Pozo,tarrina,250g,1,1.75,1.75,10
1BTTcJcO_BiPO_u1WdnE6UEr1IFq7nqin,MAKRO DISTRIBUCION MAYORISTA S.A.,2026-08-07,LIMON MC C-4/5 MA 2KG,comida,,Makro Chef,malla,2kg,1,4.75,4.75,4
1BTTcJcO_BiPO_u1WdnE6UEr1IFq7nqin,MAKRO DISTRIBUCION MAYORISTA S.A.,2026-08-07,NUEZ MONDADA MC 1KG,comida,,Makro Chef,bolsa,1kg,1,11.35,11.35,4
1BTTcJcO_BiPO_u1WdnE6UEr1IFq7nqin,MAKRO DISTRIBUCION MAYORISTA S.A.,2026-08-07,RUCULA SELVATICA MC BL 250G,comida,,Makro Chef,bolsa,250g,1,2.75,2.75,4
1BTTcJcO_BiPO_u1WdnE6UEr1IFq7nqin,MAKRO DISTRIBUCION MAYORISTA S.A.,2026-08-07,PIPARRA MAESTROS FR750GNE,comida,,Maestros,frasco,750g,1,13.85,13.85,10
1BTTcJcO_BiPO_u1WdnE6UEr1IFq7nqin,MAKRO DISTRIBUCION MAYORISTA S.A.,2026-08-07,BOLSA AZUL MAKRO,otros_consumo,,Makro,unidad,,1,1.2,1.2,21
1T7_1yYPY21Pc6Jy9ePpluujDIp6l581Q,Melgarejo Distribuidores de Bebidas SL,2026-07-13,AGUA EVIAN CON GAS 200 X33 CL,bebida,agua,Evian,caja,33cl,3,24.58,73.74,10
1T7_1yYPY21Pc6Jy9ePpluujDIp6l581Q,Melgarejo Distribuidores de Bebidas SL,2026-07-13,BOTELLERO EN PRESTAMO,otros_consumo,,,unidad,,1,0.0,0,21
1T7_1yYPY21Pc6Jy9ePpluujDIp6l581Q,Melgarejo Distribuidores de Bebidas SL,2026-07-13,AQUAREL PET 33cl 35 UDS,bebida,agua,Aquarel,caja,35x33cl,3,6.04,18.12,10
1T7_1yYPY21Pc6Jy9ePpluujDIp6l581Q,Melgarejo Distribuidores de Bebidas SL,2026-07-13,BTLLA BARCELO AÑEJO RON 70cl,bebida,alcohol,Barceló,botella,70cl,12,11.6183,139.42,21
1T7_1yYPY21Pc6Jy9ePpluujDIp6l581Q,Melgarejo Distribuidores de Bebidas SL,2026-07-13,BTLLA RV GINEBRA RIVES 70 CL,bebida,alcohol,Rives,botella,70cl,30,8.1577,244.73,21
1T7_1yYPY21Pc6Jy9ePpluujDIp6l581Q,Melgarejo Distribuidores de Bebidas SL,2026-07-13,RED BULL ENERG 25cl 24 UDS,bebida,refresco,Red Bull,caja,24x25cl,4,23.59,94.36,21
1T7_1yYPY21Pc6Jy9ePpluujDIp6l581Q,Melgarejo Distribuidores de Bebidas SL,2026-07-13,SEVEN FREE RET 200 CC,bebida,refresco,7Up,caja,20cl,7,16.2957,114.07,21
1T7_1yYPY21Pc6Jy9ePpluujDIp6l581Q,Melgarejo Distribuidores de Bebidas SL,2026-07-13,PEPSI MAX AXL RET 200CC,bebida,refresco,Pepsi,caja,20cl,5,16.224,81.12,21
1T7_1yYPY21Pc6Jy9ePpluujDIp6l581Q,Melgarejo Distribuidores de Bebidas SL,2026-07-13,PEPSI REGULAR AXL RET 200 CC,bebida,refresco,Pepsi,caja,20cl,10,16.224,162.24,21
1T7_1yYPY21Pc6Jy9ePpluujDIp6l581Q,Melgarejo Distribuidores de Bebidas SL,2026-07-13,AGUA EVIAN CON GAS 200 X33 CL,bebida,agua,Evian,caja,33cl,4,24.58,98.32,10
1T7_1yYPY21Pc6Jy9ePpluujDIp6l581Q,Melgarejo Distribuidores de Bebidas SL,2026-07-13,AQUAREL PET 33cl 35 UDS,bebida,agua,Aquarel,caja,35x33cl,5,6.04,30.2,10
1T7_1yYPY21Pc6Jy9ePpluujDIp6l581Q,Melgarejo Distribuidores de Bebidas SL,2026-07-13,"BTLLA WHITE LABEL 0,70 - DEMENTE",bebida,alcohol,Dewar's White Label,botella,70cl,24,7.7313,185.55,21
1T7_1yYPY21Pc6Jy9ePpluujDIp6l581Q,Melgarejo Distribuidores de Bebidas SL,2026-07-13,SCH TONICA RET 28X1X200ML,bebida,refresco,Schweppes,caja,28x20cl,5,22.344,111.72,21
1T7_1yYPY21Pc6Jy9ePpluujDIp6l581Q,Melgarejo Distribuidores de Bebidas SL,2026-07-13,SCH NARANJA LOW CAL RET 28X1X200,bebida,refresco,Schweppes,caja,28x20cl,6,15.6233,93.74,21
1T7_1yYPY21Pc6Jy9ePpluujDIp6l581Q,Melgarejo Distribuidores de Bebidas SL,2026-07-13,SCH LIMO LOW RET 28X200ML,bebida,refresco,Schweppes,caja,28x20cl,7,15.6243,109.37,21
1T7_1yYPY21Pc6Jy9ePpluujDIp6l581Q,Melgarejo Distribuidores de Bebidas SL,2026-07-13,CAJA C/BOT SEVEN-UP 200 CC,otros_consumo,,7Up,caja,20cl,-7,4.8,-33.6,21
1T7_1yYPY21Pc6Jy9ePpluujDIp6l581Q,Melgarejo Distribuidores de Bebidas SL,2026-07-13,CAJA C/BOT SEVEN-UP 200 CC,otros_consumo,,7Up,caja,20cl,7,4.8,33.6,21
1T7_1yYPY21Pc6Jy9ePpluujDIp6l581Q,Melgarejo Distribuidores de Bebidas SL,2026-07-13,CAJA C/BOT PEPSI 200 RET,otros_consumo,,Pepsi,caja,20cl,15,4.8,72.0,21
1T7_1yYPY21Pc6Jy9ePpluujDIp6l581Q,Melgarejo Distribuidores de Bebidas SL,2026-07-13,CAJA C/BOT SCHWEPPES 200 RET,otros_consumo,,Schweppes,caja,20cl,18,5.2,93.6,21
1T7_1yYPY21Pc6Jy9ePpluujDIp6l581Q,Melgarejo Distribuidores de Bebidas SL,2026-07-13,BARRIL CRUZCAMPO 50L,bebida,cerveza,Cruzcampo,barril,50L,1,168.0,168.0,21
1T7_1yYPY21Pc6Jy9ePpluujDIp6l581Q,Melgarejo Distribuidores de Bebidas SL,2026-07-13,RIVES GIN EXOTICA 70CL,bebida,alcohol,Rives,botella,70cl,6,12.2117,73.27,21
1T7_1yYPY21Pc6Jy9ePpluujDIp6l581Q,Melgarejo Distribuidores de Bebidas SL,2026-07-13,RED BULL ENERG 25cl 24 UDS,bebida,refresco,Red Bull,caja,24x25cl,2,23.59,47.18,21
1T7_1yYPY21Pc6Jy9ePpluujDIp6l581Q,Melgarejo Distribuidores de Bebidas SL,2026-07-13,PEPSI MAX AXL RET 200CC,bebida,refresco,Pepsi,caja,20cl,5,16.224,81.12,21
1T7_1yYPY21Pc6Jy9ePpluujDIp6l581Q,Melgarejo Distribuidores de Bebidas SL,2026-07-13,SCH TONICA RET 28X1X200ML,bebida,refresco,Schweppes,caja,28x20cl,5,22.344,111.72,21
1T7_1yYPY21Pc6Jy9ePpluujDIp6l581Q,Melgarejo Distribuidores de Bebidas SL,2026-07-13,FIANZA BARRIL 50 L,otros_consumo,,Cruzcampo,barril,50L,-2,12.02,-24.04,21
1T7_1yYPY21Pc6Jy9ePpluujDIp6l581Q,Melgarejo Distribuidores de Bebidas SL,2026-07-13,CAJA C/BOT PEPSI 200 RET,otros_consumo,,Pepsi,caja,20cl,-21,4.8,-100.8,21
1T7_1yYPY21Pc6Jy9ePpluujDIp6l581Q,Melgarejo Distribuidores de Bebidas SL,2026-07-13,CAJA C/BOT SCHWEPPES 200 RET,otros_consumo,,Schweppes,caja,20cl,-25,5.2,-130.0,21
1T7_1yYPY21Pc6Jy9ePpluujDIp6l581Q,Melgarejo Distribuidores de Bebidas SL,2026-07-13,FIANZA BARRIL 50 L,otros_consumo,,Cruzcampo,barril,50L,1,12.02,12.02,21
1T7_1yYPY21Pc6Jy9ePpluujDIp6l581Q,Melgarejo Distribuidores de Bebidas SL,2026-07-13,CAJA C/BOT PEPSI 200 RET,otros_consumo,,Pepsi,caja,20cl,5,4.8,24.0,21
1T7_1yYPY21Pc6Jy9ePpluujDIp6l581Q,Melgarejo Distribuidores de Bebidas SL,2026-07-13,CAJA C/BOT SCHWEPPES 200 RET,otros_consumo,,Schweppes,caja,20cl,5,5.2,26.0,21
1T7_1yYPY21Pc6Jy9ePpluujDIp6l581Q,Melgarejo Distribuidores de Bebidas SL,2026-07-13,SCH LIMO LOW RET 28X200ML,bebida,refresco,Schweppes,caja,28x20cl,6,15.6233,93.74,21
1T7_1yYPY21Pc6Jy9ePpluujDIp6l581Q,Melgarejo Distribuidores de Bebidas SL,2026-07-13,CAJA C/BOT SCHWEPPES 200 RET,otros_consumo,,Schweppes,caja,20cl,6,5.2,31.2,21
1T7_1yYPY21Pc6Jy9ePpluujDIp6l581Q,Melgarejo Distribuidores de Bebidas SL,2026-07-13,SEVEN FREE RET 200 CC,bebida,refresco,7Up,caja,20cl,5,16.296,81.48,21
1T7_1yYPY21Pc6Jy9ePpluujDIp6l581Q,Melgarejo Distribuidores de Bebidas SL,2026-07-13,PEPSI MAX AXL RET 200CC,bebida,refresco,Pepsi,caja,20cl,6,16.2233,97.34,21
1T7_1yYPY21Pc6Jy9ePpluujDIp6l581Q,Melgarejo Distribuidores de Bebidas SL,2026-07-13,PEPSI REGULAR AXL RET 200 CC,bebida,refresco,Pepsi,caja,20cl,10,16.224,162.24,21
1T7_1yYPY21Pc6Jy9ePpluujDIp6l581Q,Melgarejo Distribuidores de Bebidas SL,2026-07-13,SCH TONICA RET 28X1X200ML,bebida,refresco,Schweppes,caja,28x20cl,10,22.344,223.44,21
1T7_1yYPY21Pc6Jy9ePpluujDIp6l581Q,Melgarejo Distribuidores de Bebidas SL,2026-07-13,SCH NARANJA LOW CAL RET 28X1X200,bebida,refresco,Schweppes,caja,28x20cl,3,15.6233,46.87,21
1T7_1yYPY21Pc6Jy9ePpluujDIp6l581Q,Melgarejo Distribuidores de Bebidas SL,2026-07-13,SCH LIMO LOW RET 28X200ML,bebida,refresco,Schweppes,caja,28x20cl,5,15.624,78.12,21
1T7_1yYPY21Pc6Jy9ePpluujDIp6l581Q,Melgarejo Distribuidores de Bebidas SL,2026-07-13,CAJA C/BOT PEPSI 200 RET,otros_consumo,,Pepsi,caja,20cl,-14,4.8,-67.2,21
1T7_1yYPY21Pc6Jy9ePpluujDIp6l581Q,Melgarejo Distribuidores de Bebidas SL,2026-07-13,CAJA C/BOT SCHWEPPES 200 RET,otros_consumo,,Schweppes,caja,20cl,-12,5.2,-62.4,21
1T7_1yYPY21Pc6Jy9ePpluujDIp6l581Q,Melgarejo Distribuidores de Bebidas SL,2026-07-13,FIANZA 1/3 CRUZCAMPO,otros_consumo,,Cruzcampo,caja,33cl,-3,3.7,-11.1,21
1T7_1yYPY21Pc6Jy9ePpluujDIp6l581Q,Melgarejo Distribuidores de Bebidas SL,2026-07-13,CAJA C/BOT SEVEN-UP 200 CC,otros_consumo,,7Up,caja,20cl,-4,4.8,-19.2,21
1T7_1yYPY21Pc6Jy9ePpluujDIp6l581Q,Melgarejo Distribuidores de Bebidas SL,2026-07-13,CAJA C/BOT SEVEN-UP 200 CC,otros_consumo,,7Up,caja,20cl,5,4.8,24.0,21
1T7_1yYPY21Pc6Jy9ePpluujDIp6l581Q,Melgarejo Distribuidores de Bebidas SL,2026-07-13,CAJA C/BOT PEPSI 200 RET,otros_consumo,,Pepsi,caja,20cl,16,4.8,76.8,21
1T7_1yYPY21Pc6Jy9ePpluujDIp6l581Q,Melgarejo Distribuidores de Bebidas SL,2026-07-13,CAJA C/BOT SCHWEPPES 200 RET,otros_consumo,,Schweppes,caja,20cl,18,5.2,93.6,21
15US1a9AWElbSuO8j2qoD02OMUSAu8nSb,Melgarejo Distribuidores de Bebidas SL,2026-08-17,BTLLA RV GINEBRA RIVES 70 CL,bebida,alcohol,Rives,botella,70cl,12,8.1575,97.89,21
15US1a9AWElbSuO8j2qoD02OMUSAu8nSb,Melgarejo Distribuidores de Bebidas SL,2026-08-17,AGUA EVIAN CON GAS 200 X33 CL,bebida,agua,Evian,caja,33cl,4,24.58,98.32,10
15US1a9AWElbSuO8j2qoD02OMUSAu8nSb,Melgarejo Distribuidores de Bebidas SL,2026-08-17,"BTLLA WHITE LABEL 0,70 - DEMENTE",bebida,alcohol,Dewar's White Label,botella,70cl,12,7.68,92.16,21
15US1a9AWElbSuO8j2qoD02OMUSAu8nSb,Melgarejo Distribuidores de Bebidas SL,2026-08-17,1/3 CRUZCAMPO PILSEN RET,bebida,cerveza,Cruzcampo,botellin,24x33cl,7,33.07,231.49,21
15US1a9AWElbSuO8j2qoD02OMUSAu8nSb,Melgarejo Distribuidores de Bebidas SL,2026-08-17,SEVEN FREE RET 200 CC,bebida,refresco,7Up,caja,20cl,3,16.2967,48.89,21
15US1a9AWElbSuO8j2qoD02OMUSAu8nSb,Melgarejo Distribuidores de Bebidas SL,2026-08-17,"LJ PET 0,5L 24UDS ALHAMBRA",bebida,agua,Lanjarón,caja,24x50cl,2,7.795,15.59,10
15US1a9AWElbSuO8j2qoD02OMUSAu8nSb,Melgarejo Distribuidores de Bebidas SL,2026-08-17,SCH TONICA RET 28X1X200ML,bebida,refresco,Schweppes,caja,28x20cl,10,22.344,223.44,21
15US1a9AWElbSuO8j2qoD02OMUSAu8nSb,Melgarejo Distribuidores de Bebidas SL,2026-08-17,FIANZA 1/3 CRUZCAMPO,otros_consumo,,Cruzcampo,caja,33cl,7,3.7,25.9,21
15US1a9AWElbSuO8j2qoD02OMUSAu8nSb,Melgarejo Distribuidores de Bebidas SL,2026-08-17,CAJA C/BOT SEVEN-UP 200 CC,otros_consumo,,7Up,caja,20cl,3,4.8,14.4,21
15US1a9AWElbSuO8j2qoD02OMUSAu8nSb,Melgarejo Distribuidores de Bebidas SL,2026-08-17,CAJA C/BOT SCHWEPPES 200 RET,otros_consumo,,Schweppes,caja,20cl,10,5.2,52.0,21
15US1a9AWElbSuO8j2qoD02OMUSAu8nSb,Melgarejo Distribuidores de Bebidas SL,2026-08-17,SEVEN FREE RET 200 CC,bebida,refresco,7Up,caja,20cl,10,16.296,162.96,21
15US1a9AWElbSuO8j2qoD02OMUSAu8nSb,Melgarejo Distribuidores de Bebidas SL,2026-08-17,PEPSI REGULAR AXL RET 200 CC,bebida,refresco,Pepsi,caja,20cl,25,17.472,436.8,21
15US1a9AWElbSuO8j2qoD02OMUSAu8nSb,Melgarejo Distribuidores de Bebidas SL,2026-08-17,SCH TONICA RET 28X1X200ML,bebida,refresco,Schweppes,caja,28x20cl,5,22.344,111.72,21
15US1a9AWElbSuO8j2qoD02OMUSAu8nSb,Melgarejo Distribuidores de Bebidas SL,2026-08-17,SCH NARANJA LOW CAL RET 28X1X200,bebida,refresco,Schweppes,caja,28x20cl,5,18.228,91.14,21
15US1a9AWElbSuO8j2qoD02OMUSAu8nSb,Melgarejo Distribuidores de Bebidas SL,2026-08-17,SCH LIMO LOW RET 28X200ML,bebida,refresco,Schweppes,caja,28x20cl,15,18.228,273.42,21
15US1a9AWElbSuO8j2qoD02OMUSAu8nSb,Melgarejo Distribuidores de Bebidas SL,2026-08-17,CAJA C/BOT SCHWEPPES 200 RET,otros_consumo,,Schweppes,caja,20cl,-49,5.2,-254.8,21
15US1a9AWElbSuO8j2qoD02OMUSAu8nSb,Melgarejo Distribuidores de Bebidas SL,2026-08-17,CAJA C/BOT SEVEN-UP 200 CC,otros_consumo,,7Up,caja,20cl,-6,4.8,-28.8,21
15US1a9AWElbSuO8j2qoD02OMUSAu8nSb,Melgarejo Distribuidores de Bebidas SL,2026-08-17,FIANZA 1/3 CRUZCAMPO,otros_consumo,,Cruzcampo,caja,33cl,-17,3.7,-62.9,21
15US1a9AWElbSuO8j2qoD02OMUSAu8nSb,Melgarejo Distribuidores de Bebidas SL,2026-08-17,"CAJA C/BOT TRINA 27,5 RET",otros_consumo,,Trina,caja,"27,5cl",-2,4.8,-9.6,21
15US1a9AWElbSuO8j2qoD02OMUSAu8nSb,Melgarejo Distribuidores de Bebidas SL,2026-08-17,CAJA C/BOT SEVEN-UP 200 CC,otros_consumo,,7Up,caja,20cl,10,4.8,48.0,21
15US1a9AWElbSuO8j2qoD02OMUSAu8nSb,Melgarejo Distribuidores de Bebidas SL,2026-08-17,CAJA C/BOT PEPSI 200 RET,otros_consumo,,Pepsi,caja,20cl,25,4.8,120.0,21
15US1a9AWElbSuO8j2qoD02OMUSAu8nSb,Melgarejo Distribuidores de Bebidas SL,2026-08-17,CAJA C/BOT SCHWEPPES 200 RET,otros_consumo,,Schweppes,caja,20cl,25,5.2,130.0,21
15US1a9AWElbSuO8j2qoD02OMUSAu8nSb,Melgarejo Distribuidores de Bebidas SL,2026-08-17,BARRIL CRUZCAMPO 50L,bebida,cerveza,Cruzcampo,barril,50L,2,168.0,336.0,21
15US1a9AWElbSuO8j2qoD02OMUSAu8nSb,Melgarejo Distribuidores de Bebidas SL,2026-08-17,VASOS MACETA PABLO,otros_consumo,,,unidad,,4,0.0,0,21
15US1a9AWElbSuO8j2qoD02OMUSAu8nSb,Melgarejo Distribuidores de Bebidas SL,2026-08-17,BTLL HITO 75CL,bebida,vino,Hito,botella,75cl,5,9.04,45.2,21
15US1a9AWElbSuO8j2qoD02OMUSAu8nSb,Melgarejo Distribuidores de Bebidas SL,2026-08-17,BTLL HITO 75CL ** Promocion **,bebida,vino,Hito,botella,75cl,1,0.0,0,21
15US1a9AWElbSuO8j2qoD02OMUSAu8nSb,Melgarejo Distribuidores de Bebidas SL,2026-08-17,BTLLA HITO ROSADO 75CL,bebida,vino,Hito,botella,75cl,6,10.98,65.88,21
15US1a9AWElbSuO8j2qoD02OMUSAu8nSb,Melgarejo Distribuidores de Bebidas SL,2026-08-17,RON BRUGAL EXTRAVIEJO 70cl ** Promocion **,bebida,alcohol,Brugal,botella,70cl,2,0.0,0,21
15US1a9AWElbSuO8j2qoD02OMUSAu8nSb,Melgarejo Distribuidores de Bebidas SL,2026-08-17,RED BULL ENERG 25cl 24 UDS,bebida,refresco,Red Bull,caja,24x25cl,8,22.1775,177.42,21
15US1a9AWElbSuO8j2qoD02OMUSAu8nSb,Melgarejo Distribuidores de Bebidas SL,2026-08-17,1/3 CRUZCAMPO PILSEN RET,bebida,cerveza,Cruzcampo,botellin,24x33cl,8,33.07,264.56,21
15US1a9AWElbSuO8j2qoD02OMUSAu8nSb,Melgarejo Distribuidores de Bebidas SL,2026-08-17,SEVEN FREE RET 200 CC,bebida,refresco,7Up,caja,20cl,5,16.296,81.48,21
15US1a9AWElbSuO8j2qoD02OMUSAu8nSb,Melgarejo Distribuidores de Bebidas SL,2026-08-17,ABREFACIL CRUZC ESP BNR 4 (6X20) ES ** Promocion **,otros_consumo,,Cruzcampo,unidad,,2,0.255,0.51,21
15US1a9AWElbSuO8j2qoD02OMUSAu8nSb,Melgarejo Distribuidores de Bebidas SL,2026-08-17,BTLL RIOJA E.LIMITADA MONTECILLO,bebida,vino,Montecillo,botella,75cl,12,8.4658,101.59,21
15US1a9AWElbSuO8j2qoD02OMUSAu8nSb,Melgarejo Distribuidores de Bebidas SL,2026-08-17,BTLL RIOJA E.LIMITADA MONTECILLO ** Promocion **,bebida,vino,Montecillo,botella,75cl,6,0.0,0,21
15US1a9AWElbSuO8j2qoD02OMUSAu8nSb,Melgarejo Distribuidores de Bebidas SL,2026-08-17,AQUAREL PET 33cl 35 UDS,bebida,agua,Aquarel,caja,35x33cl,8,6.0412,48.33,10
15US1a9AWElbSuO8j2qoD02OMUSAu8nSb,Melgarejo Distribuidores de Bebidas SL,2026-08-17,"BTLLA WHITE LABEL 0,70 - DEMENTE",bebida,alcohol,Dewar's White Label,botella,70cl,36,7.68,276.48,21
15US1a9AWElbSuO8j2qoD02OMUSAu8nSb,Melgarejo Distribuidores de Bebidas SL,2026-08-17,MONTECILLO BLANCO VERDEJO,bebida,vino,Montecillo,botella,75cl,20,6.058,121.16,21
15US1a9AWElbSuO8j2qoD02OMUSAu8nSb,Melgarejo Distribuidores de Bebidas SL,2026-08-17,MONTECILLO BLANCO VERDEJO ** Promocion **,bebida,vino,Montecillo,botella,75cl,4,0.0,0,21
15US1a9AWElbSuO8j2qoD02OMUSAu8nSb,Melgarejo Distribuidores de Bebidas SL,2026-08-17,"BTLL. AMPERSAND GIN 0,70 ** Promocion **",bebida,alcohol,Ampersand,botella,70cl,2,0.0,0,21
15US1a9AWElbSuO8j2qoD02OMUSAu8nSb,Melgarejo Distribuidores de Bebidas SL,2026-08-17,BTLLA GIN NORDES ** Promocion **,bebida,alcohol,Nordés,botella,70cl,2,0.0,0,21
15US1a9AWElbSuO8j2qoD02OMUSAu8nSb,Melgarejo Distribuidores de Bebidas SL,2026-08-17,SCH TONICA RET 28X1X200ML,bebida,refresco,Schweppes,caja,28x20cl,15,22.344,335.16,21
15US1a9AWElbSuO8j2qoD02OMUSAu8nSb,Melgarejo Distribuidores de Bebidas SL,2026-08-17,SCH SEL AGUA CON GAS 12X1X20CL,bebida,agua,Schweppes,caja,12x20cl,8,11.82,94.56,10
15US1a9AWElbSuO8j2qoD02OMUSAu8nSb,Melgarejo Distribuidores de Bebidas SL,2026-08-17,SCH NARANJA LOW CAL RET 28X1X200,bebida,refresco,Schweppes,caja,28x20cl,6,18.2283,109.37,21
15US1a9AWElbSuO8j2qoD02OMUSAu8nSb,Melgarejo Distribuidores de Bebidas SL,2026-08-17,SCH LIMO LOW RET 28X200ML,bebida,refresco,Schweppes,caja,28x20cl,12,18.2283,218.74,21
15US1a9AWElbSuO8j2qoD02OMUSAu8nSb,Melgarejo Distribuidores de Bebidas SL,2026-08-17,CAJA C/BOT SCHWEPPES 200 RET,otros_consumo,,Schweppes,caja,20cl,-24,5.2,-124.8,21
15US1a9AWElbSuO8j2qoD02OMUSAu8nSb,Melgarejo Distribuidores de Bebidas SL,2026-08-17,CAJA C/BOT SEVEN-UP 200 CC,otros_consumo,,7Up,caja,20cl,-6,4.8,-28.8,21
15US1a9AWElbSuO8j2qoD02OMUSAu8nSb,Melgarejo Distribuidores de Bebidas SL,2026-08-17,CAJA C/BOT PEPSI 200 RET,otros_consumo,,Pepsi,caja,20cl,-30,4.8,-144.0,21
15US1a9AWElbSuO8j2qoD02OMUSAu8nSb,Melgarejo Distribuidores de Bebidas SL,2026-08-17,FIANZA 1/3 CRUZCAMPO,otros_consumo,,Cruzcampo,caja,33cl,8,3.7,29.6,21
15US1a9AWElbSuO8j2qoD02OMUSAu8nSb,Melgarejo Distribuidores de Bebidas SL,2026-08-17,FIANZA BARRIL 50 L,otros_consumo,,Cruzcampo,barril,50L,2,12.02,24.04,21
15US1a9AWElbSuO8j2qoD02OMUSAu8nSb,Melgarejo Distribuidores de Bebidas SL,2026-08-17,CAJA C/BOT SEVEN-UP 200 CC,otros_consumo,,7Up,caja,20cl,5,4.8,24.0,21
15US1a9AWElbSuO8j2qoD02OMUSAu8nSb,Melgarejo Distribuidores de Bebidas SL,2026-08-17,CAJA C/BOT SCHWEPPES 200 RET,otros_consumo,,Schweppes,caja,20cl,33,5.2,171.6,21
15US1a9AWElbSuO8j2qoD02OMUSAu8nSb,Melgarejo Distribuidores de Bebidas SL,2026-08-17,VASOS MACETA PABLO,otros_consumo,,,unidad,,4,0.0,0,21
15US1a9AWElbSuO8j2qoD02OMUSAu8nSb,Melgarejo Distribuidores de Bebidas SL,2026-08-17,WHITE LABEL WHISKY 70cl,bebida,alcohol,Dewar's White Label,botella,70cl,120,9.071,1088.52,21
15US1a9AWElbSuO8j2qoD02OMUSAu8nSb,Melgarejo Distribuidores de Bebidas SL,2026-08-17,BTLLA RV GINEBRA RIVES 70 CL,bebida,alcohol,Rives,botella,70cl,60,8.1577,489.46,21
15US1a9AWElbSuO8j2qoD02OMUSAu8nSb,Melgarejo Distribuidores de Bebidas SL,2026-08-17,CRUZCAMPO SIN GLUTEN 33cl. 12 UDS,bebida,cerveza,Cruzcampo,botellin,12x33cl,3,18.4433,55.33,21
15US1a9AWElbSuO8j2qoD02OMUSAu8nSb,Melgarejo Distribuidores de Bebidas SL,2026-08-17,C.C RADLER 33cl 24 UDS,bebida,cerveza,Cruzcampo,botellin,24x33cl,1,38.17,38.17,21
15US1a9AWElbSuO8j2qoD02OMUSAu8nSb,Melgarejo Distribuidores de Bebidas SL,2026-08-17,1/3 CRUZCAMPO PILSEN RET,bebida,cerveza,Cruzcampo,botellin,24x33cl,15,33.07,496.05,21
15US1a9AWElbSuO8j2qoD02OMUSAu8nSb,Melgarejo Distribuidores de Bebidas SL,2026-08-17,SEVEN FREE RET 200 CC,bebida,refresco,7Up,caja,20cl,12,16.2958,195.55,21
15US1a9AWElbSuO8j2qoD02OMUSAu8nSb,Melgarejo Distribuidores de Bebidas SL,2026-08-17,BTLL RIOJA E.LIMITADA MONTECILLO,bebida,vino,Montecillo,botella,75cl,5,8.466,42.33,21
15US1a9AWElbSuO8j2qoD02OMUSAu8nSb,Melgarejo Distribuidores de Bebidas SL,2026-08-17,BTLL RIOJA E.LIMITADA MONTECILLO ** Promocion **,bebida,vino,Montecillo,botella,75cl,1,0.0,0,21
15US1a9AWElbSuO8j2qoD02OMUSAu8nSb,Melgarejo Distribuidores de Bebidas SL,2026-08-17,AQUAREL PET 33cl 35 UDS,bebida,agua,Aquarel,caja,35x33cl,10,6.041,60.41,10
15US1a9AWElbSuO8j2qoD02OMUSAu8nSb,Melgarejo Distribuidores de Bebidas SL,2026-08-17,MONTECILLO BLANCO VERDEJO,bebida,vino,Montecillo,botella,75cl,5,6.058,30.29,21
15US1a9AWElbSuO8j2qoD02OMUSAu8nSb,Melgarejo Distribuidores de Bebidas SL,2026-08-17,MONTECILLO BLANCO VERDEJO ** Promocion **,bebida,vino,Montecillo,botella,75cl,1,0.0,0,21
15US1a9AWElbSuO8j2qoD02OMUSAu8nSb,Melgarejo Distribuidores de Bebidas SL,2026-08-17,SCH TONICA NR BANDEJA 24X200ML,bebida,refresco,Schweppes,caja,24x20cl,20,20.92,418.4,21
15US1a9AWElbSuO8j2qoD02OMUSAu8nSb,Melgarejo Distribuidores de Bebidas SL,2026-08-17,SCH SEL AGUA CON GAS 12X1X20CL,bebida,agua,Schweppes,caja,12x20cl,25,11.82,295.5,10
15US1a9AWElbSuO8j2qoD02OMUSAu8nSb,Melgarejo Distribuidores de Bebidas SL,2026-08-17,SCH NARANJA LOW CAL RET 28X1X200,bebida,refresco,Schweppes,caja,28x20cl,10,18.228,182.28,21
15US1a9AWElbSuO8j2qoD02OMUSAu8nSb,Melgarejo Distribuidores de Bebidas SL,2026-08-17,SCH LIMO LOW RET 28X200ML,bebida,refresco,Schweppes,caja,28x20cl,25,18.228,455.7,21
15US1a9AWElbSuO8j2qoD02OMUSAu8nSb,Melgarejo Distribuidores de Bebidas SL,2026-08-17,TEQUILA JOSE CUERVO 70 CL,bebida,alcohol,José Cuervo,botella,70cl,6,12.0717,72.43,21
15US1a9AWElbSuO8j2qoD02OMUSAu8nSb,Melgarejo Distribuidores de Bebidas SL,2026-08-17,TEQUILA MAESTRO DOBEL DIAMT 70 CL,bebida,alcohol,Maestro Dobel,botella,70cl,6,50.18,301.08,21
15US1a9AWElbSuO8j2qoD02OMUSAu8nSb,Melgarejo Distribuidores de Bebidas SL,2026-08-17,FIANZA BARRIL 50 L,otros_consumo,,Cruzcampo,barril,50L,-2,12.02,-24.04,21
15US1a9AWElbSuO8j2qoD02OMUSAu8nSb,Melgarejo Distribuidores de Bebidas SL,2026-08-17,CAJA C/BOT SCHWEPPES 200 RET,otros_consumo,,Schweppes,caja,20cl,-16,5.2,-83.2,21
15US1a9AWElbSuO8j2qoD02OMUSAu8nSb,Melgarejo Distribuidores de Bebidas SL,2026-08-17,FIANZA 1/3 CRUZCAMPO,otros_consumo,,Cruzcampo,caja,33cl,-6,3.7,-22.2,21
15US1a9AWElbSuO8j2qoD02OMUSAu8nSb,Melgarejo Distribuidores de Bebidas SL,2026-08-17,CAJA C/BOT SEVEN-UP 200 CC,otros_consumo,,7Up,caja,20cl,-5,4.8,-24.0,21
15US1a9AWElbSuO8j2qoD02OMUSAu8nSb,Melgarejo Distribuidores de Bebidas SL,2026-08-17,FIANZA 1/3 CRUZCAMPO,otros_consumo,,Cruzcampo,caja,33cl,15,3.7,55.5,21
15US1a9AWElbSuO8j2qoD02OMUSAu8nSb,Melgarejo Distribuidores de Bebidas SL,2026-08-17,FIANZA 1/3 AMSTEL RET,otros_consumo,,Amstel,caja,33cl,1,3.7,3.7,21
15US1a9AWElbSuO8j2qoD02OMUSAu8nSb,Melgarejo Distribuidores de Bebidas SL,2026-08-17,CAJA C/BOT SEVEN-UP 200 CC,otros_consumo,,7Up,caja,20cl,12,4.8,57.6,21
15US1a9AWElbSuO8j2qoD02OMUSAu8nSb,Melgarejo Distribuidores de Bebidas SL,2026-08-17,CAJA C/BOT SCHWEPPES 200 RET,otros_consumo,,Schweppes,caja,20cl,35,5.2,182.0,21
1GmOYPbSsqfuuT8T82BieJaLPCoVs3Wyd,"Miguel Merino Distribuciones, S.L.",2026-09-02,"GREY GOOSE VODKA 0,7L(6U)",bebida,alcohol,Grey Goose,botella,70cl,-6,36.5,-219.02,21
1GmOYPbSsqfuuT8T82BieJaLPCoVs3Wyd,"Miguel Merino Distribuciones, S.L.",2026-09-02,RED BULL ENERGY DRINK (24U),bebida,refresco,Red Bull,caja,24x25cl,-2,29.3,-58.59,21
1CPbGvvWYedp6Ci0Kbof7MmcnBuziPysd,"PICKING GADES, S.L.",2026-08-26,Steak tartar ultracongelado 135 gr. (12 und/caja),comida,,,caja,12x135g,1,57.2658,57.27,10
1xX1dTMlGy3s2ETk4QX_TRf8AxXJk_3I8,Picking Gades SL,2026-08-19,Steak tartar ultracongelado 135 gr. (12 und/caja),comida,,,caja,12x135g,1,57.2658,57.27,10
1ZCJ3vRL1sYUsD-eAmgnA2H6uAfMmuo6s,Miguel Merino Distribuciones SL,2026-08-10,"BALLANTINE`S 0,7L(6U)",bebida,alcohol,Ballantine's,botella,70cl,36,11.13,400.74,21
1ZCJ3vRL1sYUsD-eAmgnA2H6uAfMmuo6s,Miguel Merino Distribuciones SL,2026-08-10,"BEEFEATER GIN 0,7L(6U)",bebida,alcohol,Beefeater,botella,70cl,60,11.82,709.32,21
1ZCJ3vRL1sYUsD-eAmgnA2H6uAfMmuo6s,Miguel Merino Distribuciones SL,2026-08-10,"SEAGRAM`S GIN 0,7L(6U)",bebida,alcohol,Seagram's,botella,70cl,36,13.18,474.59,21
1ZCJ3vRL1sYUsD-eAmgnA2H6uAfMmuo6s,Miguel Merino Distribuciones SL,2026-08-10,"HAVANA RON AÑEJO ORIGEN 0,7L(6U)",bebida,alcohol,Havana Club,botella,70cl,36,10.03,361.19,21
1ZCJ3vRL1sYUsD-eAmgnA2H6uAfMmuo6s,Miguel Merino Distribuciones SL,2026-08-10,"ABSOLUT 0,7L(6U)",bebida,alcohol,Absolut,botella,70cl,36,11.19,402.84,21
1ZCJ3vRL1sYUsD-eAmgnA2H6uAfMmuo6s,Miguel Merino Distribuciones SL,2026-08-10,"CHAMAN LICOR 0,7L(6U)",bebida,alcohol,Chaman,botella,70cl,30,9.0,270.0,21
1ZCJ3vRL1sYUsD-eAmgnA2H6uAfMmuo6s,Miguel Merino Distribuciones SL,2026-08-10,"WHITE LABEL DEWAR´S 0,7L(6U)",bebida,alcohol,Dewar's White Label,botella,70cl,42,10.86,456.12,21
1ZCJ3vRL1sYUsD-eAmgnA2H6uAfMmuo6s,Miguel Merino Distribuciones SL,2026-08-10,"WHITE LABEL DEWAR´S 0,7L(6U)",bebida,alcohol,Dewar's White Label,botella,70cl,6,0,0,21
1pdnaJnGLjxLhJLPiYwKCxsdlQzmQo7qa,Miguel Merino Distribuciones SL,2026-08-19,"BEEFEATER GIN 0,7L(6U)",bebida,alcohol,Beefeater,botella,70cl,42,11.82,496.52,21
1pdnaJnGLjxLhJLPiYwKCxsdlQzmQo7qa,Miguel Merino Distribuciones SL,2026-08-19,"BALLANTINE`S 0,7L(6U)",bebida,alcohol,Ballantine's,botella,70cl,60,11.13,667.9,21
1pdnaJnGLjxLhJLPiYwKCxsdlQzmQo7qa,Miguel Merino Distribuciones SL,2026-08-19,"ABSOLUT 0,7L(6U)",bebida,alcohol,Absolut,botella,70cl,30,11.19,335.7,21
1pdnaJnGLjxLhJLPiYwKCxsdlQzmQo7qa,Miguel Merino Distribuciones SL,2026-08-19,"BARCELO AÑEJO 0,7L(12U)",bebida,alcohol,Barceló,botella,70cl,60,11.21,672.59,21
1pdnaJnGLjxLhJLPiYwKCxsdlQzmQo7qa,Miguel Merino Distribuciones SL,2026-08-19,"SEAGRAM`S GIN 0,7L(6U)",bebida,alcohol,Seagram's,botella,70cl,18,13.18,237.29,21
1pdnaJnGLjxLhJLPiYwKCxsdlQzmQo7qa,Miguel Merino Distribuciones SL,2026-08-19,"J.WALKER BLACK 0,7L(6U)",bebida,alcohol,Johnnie Walker,botella,70cl,6,20.87,125.23,21
1pdnaJnGLjxLhJLPiYwKCxsdlQzmQo7qa,Miguel Merino Distribuciones SL,2026-08-19,RED BULL ENERGY DRINK (24U),bebida,refresco,Red Bull,caja,24x25cl,5,29.3,146.48,21
1HgYj8727vFqscIx2tdF-7fnCjralDEDs,"Coca-Cola Europacific Partners Iberia, S.L.U.",2026-09-04,CAJA+BOTELLAS VR237 (8 oz).,otros_consumo,,Coca-Cola,caja,"24x23,7cl",-41,4.8,-196.8,21
1L2OyhxxPFKJS_5LylDPuPb1XRUNUfGJd,"Coca-Cola Europacific Partners Iberia, S.L.U.",2026-09-04,COCACOLA VR237 C24.,bebida,refresco,Coca-Cola,caja,"24x23,7cl",-13.0,16.6869,-216.93,21
1L2OyhxxPFKJS_5LylDPuPb1XRUNUfGJd,"Coca-Cola Europacific Partners Iberia, S.L.U.",2026-09-04,CAJA+BOTELLAS VR237 (8 oz).,otros_consumo,,Coca-Cola,caja,"24x23,7cl",-13.0,4.8,-62.4,21
1VKml87vlOIWTjor0TRLXWSsjo2QRiXKo,Coca-Cola European Partners Iberia SLU,2026-08-10,COCACOLA VR237 C24.,bebida,refresco,Coca-Cola,caja,"24x23,7cl",10.0,17.832,178.32,21
1VKml87vlOIWTjor0TRLXWSsjo2QRiXKo,Coca-Cola European Partners Iberia SLU,2026-08-10,COCACOLA ZER VR237 C24,bebida,refresco,Coca-Cola,caja,"24x23,7cl",30.0,17.832,534.96,21
1VKml87vlOIWTjor0TRLXWSsjo2QRiXKo,Coca-Cola European Partners Iberia SLU,2026-08-10,FUZE LIMON VR30 C24,bebida,refresco,Fuze Tea,caja,24x30cl,1.0,17.74,17.74,21
1VKml87vlOIWTjor0TRLXWSsjo2QRiXKo,Coca-Cola European Partners Iberia SLU,2026-08-10,CAJA+BOTELLAS VR30 CAPPY,otros_consumo,,Coca-Cola,caja,24x30cl,1.0,7.5,7.5,21
1VKml87vlOIWTjor0TRLXWSsjo2QRiXKo,Coca-Cola European Partners Iberia SLU,2026-08-10,CAJA+BOTELLAS VR237 (8 oz).,otros_consumo,,Coca-Cola,caja,"24x23,7cl",19.0,4.8,91.2,21
1GeVsItwNImz-n6LzIMf1tzrFE6Qe1iiz,Coca-Cola European Partners Iberia SLU,2026-08-20,COCACOLA VR237 C24.,bebida,refresco,Coca-Cola,caja,"24x23,7cl",15.0,17.832,267.48,21
1GeVsItwNImz-n6LzIMf1tzrFE6Qe1iiz,Coca-Cola European Partners Iberia SLU,2026-08-20,COCACOLA ZER VR237 C24,bebida,refresco,Coca-Cola,caja,"24x23,7cl",20.0,17.832,356.64,21
1IyRsvgMWLiic3NJRvn50KOyeXRE1YZur,"Hielos El Iglu, S.L.",2026-08-31,HIELO MOLDE,otros_consumo,,,bolsa,,16,3.64,58.24,10
10X6dMfEwcCa6DI4vBJt9zMkDJKLv4c0M,Jamones y Delicatessen La Encina (Javier Quintero),2026-08-11,BANDERILLAS ATUN,comida,,,unidad,,6,12.5,75.0,10
10X6dMfEwcCa6DI4vBJt9zMkDJKLv4c0M,Jamones y Delicatessen La Encina (Javier Quintero),2026-08-11,ATUN AHUMADO,comida,,,unidad,,2,12.5,25.0,10
10X6dMfEwcCa6DI4vBJt9zMkDJKLv4c0M,Jamones y Delicatessen La Encina (Javier Quintero),2026-08-11,MEJILLONES,comida,,,unidad,,2,22.7,45.4,10
10X6dMfEwcCa6DI4vBJt9zMkDJKLv4c0M,Jamones y Delicatessen La Encina (Javier Quintero),2026-08-11,CECINA,comida,,,unidad,,10,4.4,44.0,10
10X6dMfEwcCa6DI4vBJt9zMkDJKLv4c0M,Jamones y Delicatessen La Encina (Javier Quintero),2026-08-11,GILDAS ANCHOA,comida,,,unidad,,6,12.5,75.0,10
10X6dMfEwcCa6DI4vBJt9zMkDJKLv4c0M,Jamones y Delicatessen La Encina (Javier Quintero),2026-08-11,JAMON COCIDO,comida,,,kg,,1.9,16.0,30.4,10
10X6dMfEwcCa6DI4vBJt9zMkDJKLv4c0M,Jamones y Delicatessen La Encina (Javier Quintero),2026-08-11,CECINA,comida,,,unidad,,15,4.4,66.0,10
10X6dMfEwcCa6DI4vBJt9zMkDJKLv4c0M,Jamones y Delicatessen La Encina (Javier Quintero),2026-08-11,CHICHARRON DE CAI,comida,,,unidad,,29,1.6,46.4,10
1A8wDT7ZFaD20pHitizf5JcAESUJGnTYL,Javier Quintero Alarcón (Jamones La Encina),2026-08-24,JAMON COCIDO,comida,,,kg,,1.97,16.0,31.52,10
1A8wDT7ZFaD20pHitizf5JcAESUJGnTYL,Javier Quintero Alarcón (Jamones La Encina),2026-08-24,ATUN AHUMADO,comida,,,unidad,,1,14.5,14.5,10
1A8wDT7ZFaD20pHitizf5JcAESUJGnTYL,Javier Quintero Alarcón (Jamones La Encina),2026-08-24,CHICHARRON DE CAI,comida,,,unidad,,15,1.6,24.0,10
1A8wDT7ZFaD20pHitizf5JcAESUJGnTYL,Javier Quintero Alarcón (Jamones La Encina),2026-08-24,GILDAS ANCHOA,comida,,,unidad,,2,12.5,25.0,10
1PJ93gAoxjFG2Uu20cTeq-H-QWIMC0SmS,MAKRO DISTRIBUCION MAYORISTA S.A.,2026-07-25,MANTEQUILLA MC BQ 1KG,comida,,,unidad,1kg,1,9.21,9.21,10
1PJ93gAoxjFG2Uu20cTeq-H-QWIMC0SmS,MAKRO DISTRIBUCION MAYORISTA S.A.,2026-07-25,QSO CABRA PAYOYA SEMI BOSQ 1/2,comida,,,kg,,1.02,19.3529,19.74,4
1PJ93gAoxjFG2Uu20cTeq-H-QWIMC0SmS,MAKRO DISTRIBUCION MAYORISTA S.A.,2026-07-25,"JAMON COCD LONCH 500G 11X11 MC (dto COMPRA MÁS PAGA MENOS -2,00)",comida,,,unidad,500g,4,4.49,17.96,10
1PJ93gAoxjFG2Uu20cTeq-H-QWIMC0SmS,MAKRO DISTRIBUCION MAYORISTA S.A.,2026-07-25,CZA CRUZCAMPO PILSEN BT33CL,bebida,cerveza,Cruzcampo,botellin,24x33cl,2,16.08,32.16,21
1PJ93gAoxjFG2Uu20cTeq-H-QWIMC0SmS,MAKRO DISTRIBUCION MAYORISTA S.A.,2026-07-25,VASO SIDRA SELLA FINO C/B 50CL,otros_consumo,,,caja,6x50cl,5,4.9,24.5,21
1PJ93gAoxjFG2Uu20cTeq-H-QWIMC0SmS,MAKRO DISTRIBUCION MAYORISTA S.A.,2026-07-25,"VASO SIDRA TS MPRO 50CL X12 (dto COMPRA MÁS PAGA MENOS -29,20)",otros_consumo,,,caja,12x50cl,20,8.29,165.8,21
1xxkIsyoykG2Exdboj3cdYypnft4wgSMD,MELGAREJO DISTRIBUIDORES DE BEBIDAS S.L,2026-09-07,FIANZA 1/3 CRUZCAMPO,otros_consumo,,Cruzcampo,caja,1/3,-9.0,3.7,-33.3,21
1xxkIsyoykG2Exdboj3cdYypnft4wgSMD,MELGAREJO DISTRIBUIDORES DE BEBIDAS S.L,2026-09-07,FIANZA BARRIL 50 L,otros_consumo,,Cruzcampo,barril,50L,-2.0,12.02,-24.04,21
1xxkIsyoykG2Exdboj3cdYypnft4wgSMD,MELGAREJO DISTRIBUIDORES DE BEBIDAS S.L,2026-09-07,FIANZA 1/3 HEINEKEN LONG,otros_consumo,,Heineken,caja,1/3,-1.0,3.7,-3.7,21
1xxkIsyoykG2Exdboj3cdYypnft4wgSMD,MELGAREJO DISTRIBUIDORES DE BEBIDAS S.L,2026-09-07,CAJA C/BOT SCHWEPPES 200 RET,otros_consumo,,Schweppes,caja,20cl,-31.0,5.2,-161.2,21
1xxkIsyoykG2Exdboj3cdYypnft4wgSMD,MELGAREJO DISTRIBUIDORES DE BEBIDAS S.L,2026-09-07,"CAJA C/BOT TRINA 27,5 RET",otros_consumo,,Trina,caja,"27,5cl",-1.0,4.8,-4.8,21
1xxkIsyoykG2Exdboj3cdYypnft4wgSMD,MELGAREJO DISTRIBUIDORES DE BEBIDAS S.L,2026-09-07,CAJA C/BOT PEPSI 200 RET,otros_consumo,,Pepsi,caja,20cl,-2.0,4.8,-9.6,21
1xxkIsyoykG2Exdboj3cdYypnft4wgSMD,MELGAREJO DISTRIBUIDORES DE BEBIDAS S.L,2026-09-07,CAJA C/BOT SEVEN-UP 200 CC,otros_consumo,,7Up,caja,20cl,-7.0,4.8,-33.6,21
1xxkIsyoykG2Exdboj3cdYypnft4wgSMD,MELGAREJO DISTRIBUIDORES DE BEBIDAS S.L,2026-09-07,LCA TDV LIMON RET 24X1X275ML,bebida,refresco,La Casera,caja,"24x27,5cl",-2.0,19.73,-39.46,21
1xxkIsyoykG2Exdboj3cdYypnft4wgSMD,MELGAREJO DISTRIBUIDORES DE BEBIDAS S.L,2026-09-07,LCA TDV GASEOASA RET,bebida,refresco,La Casera,caja,,-2.0,19.73,-39.46,21
1xxkIsyoykG2Exdboj3cdYypnft4wgSMD,MELGAREJO DISTRIBUIDORES DE BEBIDAS S.L,2026-09-07,C.C RADLER 33cl 24 UDS,bebida,cerveza,Cruzcampo,botellin,24x33cl,-1.0,38.17,-38.17,21
1xxkIsyoykG2Exdboj3cdYypnft4wgSMD,MELGAREJO DISTRIBUIDORES DE BEBIDAS S.L,2026-09-07,SCH TONICA RET 28X1X200ML,bebida,refresco,Schweppes,caja,28x20cl,-14.0,22.3443,-312.82,21
1xxkIsyoykG2Exdboj3cdYypnft4wgSMD,MELGAREJO DISTRIBUIDORES DE BEBIDAS S.L,2026-09-07,SCH POMELO RET 28X1X200ML,bebida,refresco,Schweppes,caja,28x20cl,-1.0,22.34,-22.34,21
1xxkIsyoykG2Exdboj3cdYypnft4wgSMD,MELGAREJO DISTRIBUIDORES DE BEBIDAS S.L,2026-09-07,SCH NARANJA LOW CAL RET 28X1X200,bebida,refresco,Schweppes,caja,28x20cl,-11.0,18.2282,-200.51,21
1xxkIsyoykG2Exdboj3cdYypnft4wgSMD,MELGAREJO DISTRIBUIDORES DE BEBIDAS S.L,2026-09-07,SCH LIMO LOW RET 28X200ML,bebida,refresco,Schweppes,caja,28x20cl,-20.0,18.228,-364.56,21
1xxkIsyoykG2Exdboj3cdYypnft4wgSMD,MELGAREJO DISTRIBUIDORES DE BEBIDAS S.L,2026-09-07,BARRIL CRUZCAMPO 50L,bebida,cerveza,Cruzcampo,barril,50L,-1.0,168.0,-168.0,21
1xxkIsyoykG2Exdboj3cdYypnft4wgSMD,MELGAREJO DISTRIBUIDORES DE BEBIDAS S.L,2026-09-07,1/3 CRUZCAMPO PILSEN RET,bebida,cerveza,Cruzcampo,botellin,33cl,-10.0,33.07,-330.7,21
1xxkIsyoykG2Exdboj3cdYypnft4wgSMD,MELGAREJO DISTRIBUIDORES DE BEBIDAS S.L,2026-09-07,SEVEN FREE RET 200 CC,bebida,refresco,7Up,caja,20cl,-11.0,16.2964,-179.26,21
1xxkIsyoykG2Exdboj3cdYypnft4wgSMD,MELGAREJO DISTRIBUIDORES DE BEBIDAS S.L,2026-09-07,PEPSI MAX AXL RET 200CC,bebida,refresco,Pepsi,caja,20cl,-9.0,17.4722,-157.25,21
1xxkIsyoykG2Exdboj3cdYypnft4wgSMD,MELGAREJO DISTRIBUIDORES DE BEBIDAS S.L,2026-09-07,PEPSI REGULAR AXL RET 200 CC,bebida,refresco,Pepsi,caja,20cl,-17.0,17.4718,-297.02,21
1xxkIsyoykG2Exdboj3cdYypnft4wgSMD,MELGAREJO DISTRIBUIDORES DE BEBIDAS S.L,2026-09-07,AGUA EVIAN CON GAS 200 X33 CL,bebida,agua,Evian,caja,33cl,-2.0,24.58,-49.16,10
1xxkIsyoykG2Exdboj3cdYypnft4wgSMD,MELGAREJO DISTRIBUIDORES DE BEBIDAS S.L,2026-09-07,CRUZCAMPO SIN GLUTEN 33cl. 12 UDS,bebida,cerveza,Cruzcampo,botellin,12x33cl,-2.0,18.445,-36.89,21
1xxkIsyoykG2Exdboj3cdYypnft4wgSMD,MELGAREJO DISTRIBUIDORES DE BEBIDAS S.L,2026-09-07,MONTECILLO BLANCO VERDEJO,bebida,vino,Montecillo,botella,,-24.0,6.0579,-145.39,21
1xxkIsyoykG2Exdboj3cdYypnft4wgSMD,MELGAREJO DISTRIBUIDORES DE BEBIDAS S.L,2026-09-07,BTLL HITO 75CL,bebida,vino,Hito,botella,75cl,-8.0,9.04,-72.32,21
1xxkIsyoykG2Exdboj3cdYypnft4wgSMD,MELGAREJO DISTRIBUIDORES DE BEBIDAS S.L,2026-09-07,BTLL RIOJA E.LIMITADA MONTECILLO,bebida,vino,Montecillo,botella,,-16.0,8.4663,-135.46,21
1xxkIsyoykG2Exdboj3cdYypnft4wgSMD,MELGAREJO DISTRIBUIDORES DE BEBIDAS S.L,2026-09-07,BTLLA RIOJA MONTECILLO CZA 75 CL,bebida,vino,Montecillo,botella,75cl,-8.0,5.495,-43.96,21
1xxkIsyoykG2Exdboj3cdYypnft4wgSMD,MELGAREJO DISTRIBUIDORES DE BEBIDAS S.L,2026-09-07,SCH SEL AGUA CON GAS 12X1X20CL,bebida,agua,Schweppes,caja,12x20cl,-2.0,23.46,-46.92,10
1xxkIsyoykG2Exdboj3cdYypnft4wgSMD,MELGAREJO DISTRIBUIDORES DE BEBIDAS S.L,2026-09-07,BTLLA RV GINEBRA RIVES 70 CL,bebida,alcohol,Rives,botella,70cl,-68.0,8.1576,-554.72,21
1xxkIsyoykG2Exdboj3cdYypnft4wgSMD,MELGAREJO DISTRIBUIDORES DE BEBIDAS S.L,2026-09-07,BTLLA. FINO QUINTA 75cl,bebida,vino,Fino Quinta,botella,75cl,-8.0,5.4225,-43.38,21
1xxkIsyoykG2Exdboj3cdYypnft4wgSMD,MELGAREJO DISTRIBUIDORES DE BEBIDAS S.L,2026-09-07,RIVES ESPECIAL 70CL,bebida,alcohol,Rives,botella,70cl,-1.0,18.93,-18.93,21
1xxkIsyoykG2Exdboj3cdYypnft4wgSMD,MELGAREJO DISTRIBUIDORES DE BEBIDAS S.L,2026-09-07,RON AÑEJO 5 AÑOS FLOR DE CAÑA,bebida,alcohol,Flor de Caña,botella,,-19.0,11.0789,-210.5,21
1xxkIsyoykG2Exdboj3cdYypnft4wgSMD,MELGAREJO DISTRIBUIDORES DE BEBIDAS S.L,2026-09-07,AMPERSAND GIN MELON,bebida,alcohol,Ampersand,botella,,-2.0,11.26,-22.52,21
1xxkIsyoykG2Exdboj3cdYypnft4wgSMD,MELGAREJO DISTRIBUIDORES DE BEBIDAS S.L,2026-09-07,RIVES LONDON 1880 70cl,bebida,alcohol,Rives,botella,70cl,-1.0,11.98,-11.98,21
1xxkIsyoykG2Exdboj3cdYypnft4wgSMD,MELGAREJO DISTRIBUIDORES DE BEBIDAS S.L,2026-09-07,BTLLA GIN NORDES,bebida,alcohol,Nordés,botella,,-3.0,21.5767,-64.73,21
1xxkIsyoykG2Exdboj3cdYypnft4wgSMD,MELGAREJO DISTRIBUIDORES DE BEBIDAS S.L,2026-09-07,TEQUILA MAESTRO DOBEL DIAMT 70 CL,bebida,alcohol,Maestro Dobel,botella,70cl,-9.0,50.1811,-451.63,21
1xxkIsyoykG2Exdboj3cdYypnft4wgSMD,MELGAREJO DISTRIBUIDORES DE BEBIDAS S.L,2026-09-07,FIANZA 1/3 CRUZCAMPO,otros_consumo,,Cruzcampo,caja,1/3,-10.0,3.7,-37.0,21
1xxkIsyoykG2Exdboj3cdYypnft4wgSMD,MELGAREJO DISTRIBUIDORES DE BEBIDAS S.L,2026-09-07,FIANZA BARRIL 50 L,otros_consumo,,Cruzcampo,barril,50L,-1.0,12.02,-12.02,21
1xxkIsyoykG2Exdboj3cdYypnft4wgSMD,MELGAREJO DISTRIBUIDORES DE BEBIDAS S.L,2026-09-07,FIANZA 1/3 AMSTEL RET,otros_consumo,,Amstel,caja,1/3,-1.0,3.7,-3.7,21
1xxkIsyoykG2Exdboj3cdYypnft4wgSMD,MELGAREJO DISTRIBUIDORES DE BEBIDAS S.L,2026-09-07,CAJA C/BOT SEVEN-UP 200 CC,otros_consumo,,7Up,caja,20cl,-11.0,4.8,-52.8,21
1xxkIsyoykG2Exdboj3cdYypnft4wgSMD,MELGAREJO DISTRIBUIDORES DE BEBIDAS S.L,2026-09-07,CAJA C/BOT PEPSI 200 RET,otros_consumo,,Pepsi,caja,20cl,-26.0,4.8,-124.8,21
1xxkIsyoykG2Exdboj3cdYypnft4wgSMD,MELGAREJO DISTRIBUIDORES DE BEBIDAS S.L,2026-09-07,"CAJA C/BOT TRINA 27,5 RET",otros_consumo,,Trina,caja,"27,5cl",-4.0,4.8,-19.2,21
1xxkIsyoykG2Exdboj3cdYypnft4wgSMD,MELGAREJO DISTRIBUIDORES DE BEBIDAS S.L,2026-09-07,CAJA C/BOT SCHWEPPES 200 RET,otros_consumo,,Schweppes,caja,20cl,-46.0,5.2,-239.2,21
1jcIPlcNKgAt_rMPrdOjGF3J0sPQkqrEu,Melgarejo Distribuidores de Bebidas SL,2026-08-11,BARRIL CRUZCAMPO 50L,bebida,cerveza,Cruzcampo,barril,50L,1.0,168.0,168.0,21
1jcIPlcNKgAt_rMPrdOjGF3J0sPQkqrEu,Melgarejo Distribuidores de Bebidas SL,2026-08-11,CRUZCAMPO SIN GLUTEN 33cl. 12 UDS,bebida,cerveza,Cruzcampo,botellin,12x33cl,2.0,18.445,36.89,21
1jcIPlcNKgAt_rMPrdOjGF3J0sPQkqrEu,Melgarejo Distribuidores de Bebidas SL,2026-08-11,1/3 CRUZCAMPO PILSEN RET,bebida,cerveza,Cruzcampo,botellin,33cl,8.0,33.07,264.56,21
1jcIPlcNKgAt_rMPrdOjGF3J0sPQkqrEu,Melgarejo Distribuidores de Bebidas SL,2026-08-11,SEVEN FREE RET 200 CC,bebida,refresco,7Up,caja,20cl,5.0,16.296,81.48,21
1jcIPlcNKgAt_rMPrdOjGF3J0sPQkqrEu,Melgarejo Distribuidores de Bebidas SL,2026-08-11,PEPSI MAX AXL RET 200CC,bebida,refresco,Pepsi,caja,20cl,10.0,17.472,174.72,21
1jcIPlcNKgAt_rMPrdOjGF3J0sPQkqrEu,Melgarejo Distribuidores de Bebidas SL,2026-08-11,PEPSI REGULAR AXL RET 200 CC,bebida,refresco,Pepsi,caja,20cl,14.0,17.4721,244.61,21
1jcIPlcNKgAt_rMPrdOjGF3J0sPQkqrEu,Melgarejo Distribuidores de Bebidas SL,2026-08-11,BTLLA RIOJA MONTECILLO CZA 75 CL,bebida,vino,Montecillo,botella,75cl,12.0,0.0,0.0,21
1jcIPlcNKgAt_rMPrdOjGF3J0sPQkqrEu,Melgarejo Distribuidores de Bebidas SL,2026-08-11,BTLLA GIN NORDES,bebida,alcohol,Nordés,botella,,5.0,21.576,107.88,21
1jcIPlcNKgAt_rMPrdOjGF3J0sPQkqrEu,Melgarejo Distribuidores de Bebidas SL,2026-08-11,BTLLA GIN NORDES,bebida,alcohol,Nordés,botella,,1.0,0.0,0.0,21
1jcIPlcNKgAt_rMPrdOjGF3J0sPQkqrEu,Melgarejo Distribuidores de Bebidas SL,2026-08-11,SCH TONICA RET 28X1X200ML,bebida,refresco,Schweppes,caja,28x20cl,10.0,22.344,223.44,21
1jcIPlcNKgAt_rMPrdOjGF3J0sPQkqrEu,Melgarejo Distribuidores de Bebidas SL,2026-08-11,SCH LIMO LOW RET 28X200ML,bebida,refresco,Schweppes,caja,28x20cl,10.0,18.228,182.28,21
1jcIPlcNKgAt_rMPrdOjGF3J0sPQkqrEu,Melgarejo Distribuidores de Bebidas SL,2026-08-11,TEQUILA MAESTRO DOBEL DIAMT 70 CL,bebida,alcohol,Maestro Dobel,botella,70cl,6.0,50.18,301.08,21
1jcIPlcNKgAt_rMPrdOjGF3J0sPQkqrEu,Melgarejo Distribuidores de Bebidas SL,2026-08-11,CAJA C/BOT SCHWEPPES 200 RET,otros_consumo,,Schweppes,caja,20cl,-16.0,5.2,-83.2,21
1jcIPlcNKgAt_rMPrdOjGF3J0sPQkqrEu,Melgarejo Distribuidores de Bebidas SL,2026-08-11,CAJA C/BOT PEPSI 200 RET,otros_consumo,,Pepsi,caja,20cl,-22.0,4.8,-105.6,21
1jcIPlcNKgAt_rMPrdOjGF3J0sPQkqrEu,Melgarejo Distribuidores de Bebidas SL,2026-08-11,CAJA C/BOT SEVEN-UP 200 CC,otros_consumo,,7Up,caja,20cl,-10.0,4.8,-48.0,21
1jcIPlcNKgAt_rMPrdOjGF3J0sPQkqrEu,Melgarejo Distribuidores de Bebidas SL,2026-08-11,FIANZA BARRIL 50 L,otros_consumo,,Cruzcampo,barril,50L,-1.0,12.02,-12.02,21
1jcIPlcNKgAt_rMPrdOjGF3J0sPQkqrEu,Melgarejo Distribuidores de Bebidas SL,2026-08-11,FIANZA 1/3 CRUZCAMPO,otros_consumo,,Cruzcampo,caja,1/3,8.0,3.7,29.6,21
1jcIPlcNKgAt_rMPrdOjGF3J0sPQkqrEu,Melgarejo Distribuidores de Bebidas SL,2026-08-11,FIANZA BARRIL 50 L,otros_consumo,,Cruzcampo,barril,50L,1.0,12.02,12.02,21
1jcIPlcNKgAt_rMPrdOjGF3J0sPQkqrEu,Melgarejo Distribuidores de Bebidas SL,2026-08-11,CAJA C/BOT SEVEN-UP 200 CC,otros_consumo,,7Up,caja,20cl,5.0,4.8,24.0,21
1jcIPlcNKgAt_rMPrdOjGF3J0sPQkqrEu,Melgarejo Distribuidores de Bebidas SL,2026-08-11,CAJA C/BOT PEPSI 200 RET,otros_consumo,,Pepsi,caja,20cl,24.0,4.8,115.2,21
1jcIPlcNKgAt_rMPrdOjGF3J0sPQkqrEu,Melgarejo Distribuidores de Bebidas SL,2026-08-11,CAJA C/BOT SCHWEPPES 200 RET,otros_consumo,,Schweppes,caja,20cl,20.0,5.2,104.0,21
1cLn_yeOqWZKW2VWkdSZh6WrZasyPJ_2z,Melgarejo Distribuidores de Bebidas SL,2026-08-24,CRUZCAMPO SIN GLUTEN 33cl. 12 UDS,bebida,cerveza,Cruzcampo,botellin,12x33cl,2.0,18.445,36.89,21
1cLn_yeOqWZKW2VWkdSZh6WrZasyPJ_2z,Melgarejo Distribuidores de Bebidas SL,2026-08-24,C.C RADLER 33cl 24 UDS,bebida,cerveza,Cruzcampo,botellin,24x33cl,1.0,38.17,38.17,21
1cLn_yeOqWZKW2VWkdSZh6WrZasyPJ_2z,Melgarejo Distribuidores de Bebidas SL,2026-08-24,1/3 CRUZCAMPO PILSEN RET,bebida,cerveza,Cruzcampo,botellin,33cl,6.0,33.07,198.42,21
1cLn_yeOqWZKW2VWkdSZh6WrZasyPJ_2z,Melgarejo Distribuidores de Bebidas SL,2026-08-24,1/3 CRUZCAMPO PILSEN RET,bebida,cerveza,Cruzcampo,botellin,33cl,5.0,33.07,165.35,21
1cLn_yeOqWZKW2VWkdSZh6WrZasyPJ_2z,Melgarejo Distribuidores de Bebidas SL,2026-08-24,CRUZCAMPO 1904 BR CAJA 24X33 CL,bebida,cerveza,Cruzcampo,botellin,24x33cl,1.0,26.07,26.07,21
1cLn_yeOqWZKW2VWkdSZh6WrZasyPJ_2z,Melgarejo Distribuidores de Bebidas SL,2026-08-24,SEVEN FREE RET 200 CC,bebida,refresco,7Up,caja,20cl,5.0,16.296,81.48,21
1cLn_yeOqWZKW2VWkdSZh6WrZasyPJ_2z,Melgarejo Distribuidores de Bebidas SL,2026-08-24,PEPSI MAX AXL RET 200CC,bebida,refresco,Pepsi,caja,20cl,5.0,17.472,87.36,21
1cLn_yeOqWZKW2VWkdSZh6WrZasyPJ_2z,Melgarejo Distribuidores de Bebidas SL,2026-08-24,PEPSI REGULAR AXL RET 200 CC,bebida,refresco,Pepsi,caja,20cl,25.0,17.472,436.8,21
1cLn_yeOqWZKW2VWkdSZh6WrZasyPJ_2z,Melgarejo Distribuidores de Bebidas SL,2026-08-24,AGUA EVIAN CON GAS 200 X33 CL,bebida,agua,Evian,caja,33cl,3.0,24.58,73.74,10
1cLn_yeOqWZKW2VWkdSZh6WrZasyPJ_2z,Melgarejo Distribuidores de Bebidas SL,2026-08-24,AQUAREL PET 33cl 35 UDS,bebida,agua,Aquarel,caja,35x33cl,5.0,6.04,30.2,10
1cLn_yeOqWZKW2VWkdSZh6WrZasyPJ_2z,Melgarejo Distribuidores de Bebidas SL,2026-08-24,SCH TONICA NR BANDEJA 24X200ML,bebida,refresco,Schweppes,caja,24x20cl,7.0,20.92,146.44,21
1cLn_yeOqWZKW2VWkdSZh6WrZasyPJ_2z,Melgarejo Distribuidores de Bebidas SL,2026-08-24,FIANZA 1/3 CRUZCAMPO,otros_consumo,,Cruzcampo,caja,1/3,-13.0,3.7,-48.1,21
1cLn_yeOqWZKW2VWkdSZh6WrZasyPJ_2z,Melgarejo Distribuidores de Bebidas SL,2026-08-24,CAJA C/BOT SEVEN-UP 200 CC,otros_consumo,,7Up,caja,20cl,-10.0,4.8,-48.0,21
1cLn_yeOqWZKW2VWkdSZh6WrZasyPJ_2z,Melgarejo Distribuidores de Bebidas SL,2026-08-24,CAJA C/BOT SCHWEPPES 200 RET,otros_consumo,,Schweppes,caja,20cl,-7.0,5.2,-36.4,21
1cLn_yeOqWZKW2VWkdSZh6WrZasyPJ_2z,Melgarejo Distribuidores de Bebidas SL,2026-08-24,FIANZA BARRIL 50 L,otros_consumo,,Cruzcampo,barril,50L,-2.0,12.02,-24.04,21
1cLn_yeOqWZKW2VWkdSZh6WrZasyPJ_2z,Melgarejo Distribuidores de Bebidas SL,2026-08-24,1/3 CRUZCAMPO PILSEN RET,bebida,cerveza,Cruzcampo,botellin,33cl,-6.0,33.07,-198.42,21
1cLn_yeOqWZKW2VWkdSZh6WrZasyPJ_2z,Melgarejo Distribuidores de Bebidas SL,2026-08-24,FIANZA 1/3 CRUZCAMPO,otros_consumo,,Cruzcampo,caja,1/3,6.0,3.7,22.2,21
1cLn_yeOqWZKW2VWkdSZh6WrZasyPJ_2z,Melgarejo Distribuidores de Bebidas SL,2026-08-24,FIANZA 1/3 AMSTEL RET,otros_consumo,,Amstel,caja,1/3,1.0,3.7,3.7,21
1cLn_yeOqWZKW2VWkdSZh6WrZasyPJ_2z,Melgarejo Distribuidores de Bebidas SL,2026-08-24,CAJA C/BOT SEVEN-UP 200 CC,otros_consumo,,7Up,caja,20cl,5.0,4.8,24.0,21
1cLn_yeOqWZKW2VWkdSZh6WrZasyPJ_2z,Melgarejo Distribuidores de Bebidas SL,2026-08-24,CAJA C/BOT PEPSI 200 RET,otros_consumo,,Pepsi,caja,20cl,30.0,4.8,144.0,21
1cLn_yeOqWZKW2VWkdSZh6WrZasyPJ_2z,Melgarejo Distribuidores de Bebidas SL,2026-08-24,LCA TDV LIMON RET 24X1X275ML,bebida,refresco,La Casera,caja,"24x27,5cl",3.0,0.0,0.0,21
1cLn_yeOqWZKW2VWkdSZh6WrZasyPJ_2z,Melgarejo Distribuidores de Bebidas SL,2026-08-24,LCA TDV GASEOASA RET,bebida,refresco,La Casera,caja,,2.0,32.88,65.76,21
1cLn_yeOqWZKW2VWkdSZh6WrZasyPJ_2z,Melgarejo Distribuidores de Bebidas SL,2026-08-24,"CAJA C/BOT TRINA 27,5 RET",otros_consumo,,Trina,caja,"27,5cl",5.0,4.8,24.0,21
1cLn_yeOqWZKW2VWkdSZh6WrZasyPJ_2z,Melgarejo Distribuidores de Bebidas SL,2026-08-24,BARRIL CRUZCAMPO 50L,bebida,cerveza,Cruzcampo,barril,50L,1.0,168.0,168.0,21
1cLn_yeOqWZKW2VWkdSZh6WrZasyPJ_2z,Melgarejo Distribuidores de Bebidas SL,2026-08-24,WHITE LABEL WHISKY 70cl,bebida,alcohol,White Label,botella,70cl,30.0,9.071,272.13,21
1cLn_yeOqWZKW2VWkdSZh6WrZasyPJ_2z,Melgarejo Distribuidores de Bebidas SL,2026-08-24,BTLLA RV GINEBRA RIVES 70 CL,bebida,alcohol,Rives,botella,70cl,24.0,8.1575,195.78,21
1cLn_yeOqWZKW2VWkdSZh6WrZasyPJ_2z,Melgarejo Distribuidores de Bebidas SL,2026-08-24,1/3 CRUZCAMPO PILSEN RET,bebida,cerveza,Cruzcampo,botellin,33cl,4.0,33.07,132.28,21
1cLn_yeOqWZKW2VWkdSZh6WrZasyPJ_2z,Melgarejo Distribuidores de Bebidas SL,2026-08-24,SEVEN FREE RET 200 CC,bebida,refresco,7Up,caja,20cl,6.0,16.2967,97.78,21
1cLn_yeOqWZKW2VWkdSZh6WrZasyPJ_2z,Melgarejo Distribuidores de Bebidas SL,2026-08-24,PEPSI MAX AXL RET 200CC,bebida,refresco,Pepsi,caja,20cl,6.0,17.4717,104.83,21
1cLn_yeOqWZKW2VWkdSZh6WrZasyPJ_2z,Melgarejo Distribuidores de Bebidas SL,2026-08-24,PEPSI REGULAR AXL RET 200 CC,bebida,refresco,Pepsi,caja,20cl,15.0,17.472,262.08,21
1cLn_yeOqWZKW2VWkdSZh6WrZasyPJ_2z,Melgarejo Distribuidores de Bebidas SL,2026-08-24,AGUA EVIAN CON GAS 200 X33 CL,bebida,agua,Evian,caja,33cl,2.0,24.58,49.16,10
1cLn_yeOqWZKW2VWkdSZh6WrZasyPJ_2z,Melgarejo Distribuidores de Bebidas SL,2026-08-24,BTLL RIOJA E.LIMITADA MONTECILLO,bebida,vino,Montecillo,botella,,10.0,8.466,84.66,21
1cLn_yeOqWZKW2VWkdSZh6WrZasyPJ_2z,Melgarejo Distribuidores de Bebidas SL,2026-08-24,BTLL RIOJA E.LIMITADA MONTECILLO,bebida,vino,Montecillo,botella,,2.0,0.0,0.0,21
1cLn_yeOqWZKW2VWkdSZh6WrZasyPJ_2z,Melgarejo Distribuidores de Bebidas SL,2026-08-24,AQUAREL PET 33cl 35 UDS,bebida,agua,Aquarel,caja,35x33cl,5.0,6.04,30.2,10
1cLn_yeOqWZKW2VWkdSZh6WrZasyPJ_2z,Melgarejo Distribuidores de Bebidas SL,2026-08-24,SCH TONICA RET 28X1X200ML,bebida,refresco,Schweppes,caja,28x20cl,15.0,22.344,335.16,21
1cLn_yeOqWZKW2VWkdSZh6WrZasyPJ_2z,Melgarejo Distribuidores de Bebidas SL,2026-08-24,SCH SEL AGUA CON GAS 12X1X20CL,bebida,agua,Schweppes,caja,12x20cl,5.0,11.82,59.1,10
1cLn_yeOqWZKW2VWkdSZh6WrZasyPJ_2z,Melgarejo Distribuidores de Bebidas SL,2026-08-24,SCH NARANJA LOW CAL RET 28X1X200,bebida,refresco,Schweppes,caja,28x20cl,2.0,18.23,36.46,21
1cLn_yeOqWZKW2VWkdSZh6WrZasyPJ_2z,Melgarejo Distribuidores de Bebidas SL,2026-08-24,SCH LIMO LOW RET 28X200ML,bebida,refresco,Schweppes,caja,28x20cl,6.0,18.2283,109.37,21
1cLn_yeOqWZKW2VWkdSZh6WrZasyPJ_2z,Melgarejo Distribuidores de Bebidas SL,2026-08-24,CAJA C/BOT SCHWEPPES 200 RET,otros_consumo,,Schweppes,caja,20cl,-18.0,5.2,-93.6,21
1cLn_yeOqWZKW2VWkdSZh6WrZasyPJ_2z,Melgarejo Distribuidores de Bebidas SL,2026-08-24,CAJA C/BOT PEPSI 200 RET,otros_consumo,,Pepsi,caja,20cl,-29.0,4.8,-139.2,21
1cLn_yeOqWZKW2VWkdSZh6WrZasyPJ_2z,Melgarejo Distribuidores de Bebidas SL,2026-08-24,CAJA C/BOT SEVEN-UP 200 CC,otros_consumo,,7Up,caja,20cl,-9.0,4.8,-43.2,21
1cLn_yeOqWZKW2VWkdSZh6WrZasyPJ_2z,Melgarejo Distribuidores de Bebidas SL,2026-08-24,FIANZA 1/3 CRUZCAMPO,otros_consumo,,Cruzcampo,caja,1/3,-2.0,3.7,-7.4,21
1cLn_yeOqWZKW2VWkdSZh6WrZasyPJ_2z,Melgarejo Distribuidores de Bebidas SL,2026-08-24,FIANZA 1/3 CRUZCAMPO,otros_consumo,,Cruzcampo,caja,1/3,4.0,3.7,14.8,21
1cLn_yeOqWZKW2VWkdSZh6WrZasyPJ_2z,Melgarejo Distribuidores de Bebidas SL,2026-08-24,FIANZA BARRIL 50 L,otros_consumo,,Cruzcampo,barril,50L,1.0,12.02,12.02,21
1cLn_yeOqWZKW2VWkdSZh6WrZasyPJ_2z,Melgarejo Distribuidores de Bebidas SL,2026-08-24,CAJA C/BOT SEVEN-UP 200 CC,otros_consumo,,7Up,caja,20cl,6.0,4.8,28.8,21
1cLn_yeOqWZKW2VWkdSZh6WrZasyPJ_2z,Melgarejo Distribuidores de Bebidas SL,2026-08-24,CAJA C/BOT PEPSI 200 RET,otros_consumo,,Pepsi,caja,20cl,21.0,4.8,100.8,21
1cLn_yeOqWZKW2VWkdSZh6WrZasyPJ_2z,Melgarejo Distribuidores de Bebidas SL,2026-08-24,CAJA C/BOT SCHWEPPES 200 RET,otros_consumo,,Schweppes,caja,20cl,23.0,5.2,119.6,21
1cLn_yeOqWZKW2VWkdSZh6WrZasyPJ_2z,Melgarejo Distribuidores de Bebidas SL,2026-08-24,WHITE LABEL WHISKY 70cl,bebida,alcohol,White Label,botella,70cl,36.0,9.0711,326.56,21
1cLn_yeOqWZKW2VWkdSZh6WrZasyPJ_2z,Melgarejo Distribuidores de Bebidas SL,2026-08-24,TUBO 10 KILOS CO2,otros_consumo,,,unidad,10kg,1.0,31.5,31.5,21
1cLn_yeOqWZKW2VWkdSZh6WrZasyPJ_2z,Melgarejo Distribuidores de Bebidas SL,2026-08-24,BTLLA RV GINEBRA RIVES 70 CL,bebida,alcohol,Rives,botella,70cl,42.0,8.1576,342.62,21
1cLn_yeOqWZKW2VWkdSZh6WrZasyPJ_2z,Melgarejo Distribuidores de Bebidas SL,2026-08-24,CRUZCAMPO SIN GLUTEN 33cl. 12 UDS,bebida,cerveza,Cruzcampo,botellin,12x33cl,3.0,18.4433,55.33,21
1cLn_yeOqWZKW2VWkdSZh6WrZasyPJ_2z,Melgarejo Distribuidores de Bebidas SL,2026-08-24,C.C RADLER 33cl 24 UDS,bebida,cerveza,Cruzcampo,botellin,24x33cl,1.0,38.17,38.17,21
1cLn_yeOqWZKW2VWkdSZh6WrZasyPJ_2z,Melgarejo Distribuidores de Bebidas SL,2026-08-24,1/3 CRUZCAMPO PILSEN RET,bebida,cerveza,Cruzcampo,botellin,33cl,8.0,33.07,264.56,21
1cLn_yeOqWZKW2VWkdSZh6WrZasyPJ_2z,Melgarejo Distribuidores de Bebidas SL,2026-08-24,SEVEN FREE RET 200 CC,bebida,refresco,7Up,caja,20cl,12.0,16.2958,195.55,21
1cLn_yeOqWZKW2VWkdSZh6WrZasyPJ_2z,Melgarejo Distribuidores de Bebidas SL,2026-08-24,AQUAREL PET 33cl 35 UDS,bebida,agua,Aquarel,caja,35x33cl,6.0,6.0417,36.25,10
1cLn_yeOqWZKW2VWkdSZh6WrZasyPJ_2z,Melgarejo Distribuidores de Bebidas SL,2026-08-24,SCH TONICA RET 28X1X200ML,bebida,refresco,Schweppes,caja,28x20cl,30.0,22.344,670.32,21
1cLn_yeOqWZKW2VWkdSZh6WrZasyPJ_2z,Melgarejo Distribuidores de Bebidas SL,2026-08-24,SCH SEL AGUA CON GAS 12X1X20CL,bebida,agua,Schweppes,caja,12x20cl,15.0,11.82,177.3,10
1cLn_yeOqWZKW2VWkdSZh6WrZasyPJ_2z,Melgarejo Distribuidores de Bebidas SL,2026-08-24,SCH LIMO LOW RET 28X200ML,bebida,refresco,Schweppes,caja,28x20cl,15.0,18.228,273.42,21
1cLn_yeOqWZKW2VWkdSZh6WrZasyPJ_2z,Melgarejo Distribuidores de Bebidas SL,2026-08-24,CAJA C/BOT SCHWEPPES 200 RET,otros_consumo,,Schweppes,caja,20cl,-26.0,5.2,-135.2,21
1cLn_yeOqWZKW2VWkdSZh6WrZasyPJ_2z,Melgarejo Distribuidores de Bebidas SL,2026-08-24,CAJA C/BOT SEVEN-UP 200 CC,otros_consumo,,7Up,caja,20cl,-7.0,4.8,-33.6,21
1cLn_yeOqWZKW2VWkdSZh6WrZasyPJ_2z,Melgarejo Distribuidores de Bebidas SL,2026-08-24,FIANZA 1/3 CRUZCAMPO,otros_consumo,,Cruzcampo,caja,1/3,-6.0,3.7,-22.2,21
1cLn_yeOqWZKW2VWkdSZh6WrZasyPJ_2z,Melgarejo Distribuidores de Bebidas SL,2026-08-24,CAJA C/BOT SEVEN-UP 200 CC,otros_consumo,,7Up,caja,20cl,-17.0,4.8,-81.6,21
1cLn_yeOqWZKW2VWkdSZh6WrZasyPJ_2z,Melgarejo Distribuidores de Bebidas SL,2026-08-24,FIANZA BARRIL 50 L,otros_consumo,,Cruzcampo,barril,50L,-1.0,12.02,-12.02,21
1cLn_yeOqWZKW2VWkdSZh6WrZasyPJ_2z,Melgarejo Distribuidores de Bebidas SL,2026-08-24,FIANZA 1/3 CRUZCAMPO,otros_consumo,,Cruzcampo,caja,1/3,8.0,3.7,29.6,21
1cLn_yeOqWZKW2VWkdSZh6WrZasyPJ_2z,Melgarejo Distribuidores de Bebidas SL,2026-08-24,FIANZA 1/3 AMSTEL RET,otros_consumo,,Amstel,caja,1/3,1.0,3.7,3.7,21
1cLn_yeOqWZKW2VWkdSZh6WrZasyPJ_2z,Melgarejo Distribuidores de Bebidas SL,2026-08-24,ENVASES TUBOS,otros_consumo,,,unidad,,1.0,50.0,50.0,21
1cLn_yeOqWZKW2VWkdSZh6WrZasyPJ_2z,Melgarejo Distribuidores de Bebidas SL,2026-08-24,CAJA C/BOT SEVEN-UP 200 CC,otros_consumo,,7Up,caja,20cl,12.0,4.8,57.6,21
1cLn_yeOqWZKW2VWkdSZh6WrZasyPJ_2z,Melgarejo Distribuidores de Bebidas SL,2026-08-24,CAJA C/BOT SCHWEPPES 200 RET,otros_consumo,,Schweppes,caja,20cl,45.0,5.2,234.0,21
1RQAsoXJT4octa4VofiBOeaghfQmhVBpI,"Miguel Merino Distribuciones, S.L.",2026-08-28,"BALLANTINE`S 0,7L(6U)",bebida,alcohol,Ballantine's,botella,70cl,60.0,11.1317,667.9,21
1RQAsoXJT4octa4VofiBOeaghfQmhVBpI,"Miguel Merino Distribuciones, S.L.",2026-08-28,"BEEFEATER GIN 0,7L(6U)",bebida,alcohol,Beefeater,botella,70cl,60.0,11.822,709.32,21
1RQAsoXJT4octa4VofiBOeaghfQmhVBpI,"Miguel Merino Distribuciones, S.L.",2026-08-28,"ABSOLUT 0,7L(6U)",bebida,alcohol,Absolut,botella,70cl,36.0,11.19,402.84,21
1RQAsoXJT4octa4VofiBOeaghfQmhVBpI,"Miguel Merino Distribuciones, S.L.",2026-08-28,"SEAGRAM`S GIN 0,7L(6U)",bebida,alcohol,Seagram's,botella,70cl,36.0,13.1831,474.59,21
1RQAsoXJT4octa4VofiBOeaghfQmhVBpI,"Miguel Merino Distribuciones, S.L.",2026-08-28,"BARCELO AÑEJO 0,7L(12U)",bebida,alcohol,Barceló,botella,70cl,36.0,11.4506,412.22,21
1RQAsoXJT4octa4VofiBOeaghfQmhVBpI,"Miguel Merino Distribuciones, S.L.",2026-08-28,RED BULL ENERGY DRINK (24U),bebida,refresco,Red Bull,caja,24u,10.0,29.296,292.96,21
1RQAsoXJT4octa4VofiBOeaghfQmhVBpI,"Miguel Merino Distribuciones, S.L.",2026-08-28,"CHAMAN LICOR 0,7L(6U)",bebida,alcohol,Chamán,botella,70cl,30.0,10.0,300.0,21
1-oJEFzAtmY6b--g_fE6UkQaOWsv4LBly,Miguel Merino Distribuciones SL,2026-08-10,RED BULL ENERGY DRINK (24U),bebida,refresco,Red Bull,caja,24u,10.0,29.296,292.96,21
1-oJEFzAtmY6b--g_fE6UkQaOWsv4LBly,Miguel Merino Distribuciones SL,2026-08-10,"BEEFEATER GIN 0,7L(6U)",bebida,alcohol,Beefeater,botella,70cl,72.0,11.8219,851.18,21
1-oJEFzAtmY6b--g_fE6UkQaOWsv4LBly,Miguel Merino Distribuciones SL,2026-08-10,"BALLANTINE`S 0,7L(6U)",bebida,alcohol,Ballantine's,botella,70cl,42.0,11.1317,467.53,21
1-oJEFzAtmY6b--g_fE6UkQaOWsv4LBly,Miguel Merino Distribuciones SL,2026-08-10,"ABSOLUT 0,7L(6U)",bebida,alcohol,Absolut,botella,70cl,36.0,11.19,402.84,21
1-oJEFzAtmY6b--g_fE6UkQaOWsv4LBly,Miguel Merino Distribuciones SL,2026-08-10,"SEAGRAM`S GIN 0,7L(6U)",bebida,alcohol,Seagram's,botella,70cl,42.0,13.1831,553.69,21
1-oJEFzAtmY6b--g_fE6UkQaOWsv4LBly,Miguel Merino Distribuciones SL,2026-08-10,"J.WALKER BLACK 0,7L(6U)",bebida,alcohol,Johnnie Walker,botella,70cl,12.0,20.8708,250.45,21
1-oJEFzAtmY6b--g_fE6UkQaOWsv4LBly,Miguel Merino Distribuciones SL,2026-08-10,"BARCELO AÑEJO 0,7L(12U)",bebida,alcohol,Barceló,botella,70cl,60.0,11.2098,672.59,21
1quK8q65KMWNgmQpXcKYb__ATZUw0Pfp2,Miguel Merino Distribuciones SL,2026-08-20,"BEEFEATER GIN 0,7L(6U)",bebida,alcohol,Beefeater,botella,70cl,84.0,11.8219,993.04,21
1quK8q65KMWNgmQpXcKYb__ATZUw0Pfp2,Miguel Merino Distribuciones SL,2026-08-20,"BALLANTINE`S 0,7L(6U)",bebida,alcohol,Ballantine's,botella,70cl,60.0,11.1317,667.9,21
1quK8q65KMWNgmQpXcKYb__ATZUw0Pfp2,Miguel Merino Distribuciones SL,2026-08-20,"SEAGRAM`S GIN 0,7L(6U)",bebida,alcohol,Seagram's,botella,70cl,72.0,13.1831,949.18,21
1quK8q65KMWNgmQpXcKYb__ATZUw0Pfp2,Miguel Merino Distribuciones SL,2026-08-20,"HAVANA RON AÑEJO ORIGEN 0,7L(6U)",bebida,alcohol,Havana Club,botella,70cl,60.0,10.0332,601.99,21
1quK8q65KMWNgmQpXcKYb__ATZUw0Pfp2,Miguel Merino Distribuciones SL,2026-08-20,"BARCELO AÑEJO 0,7L(12U)",bebida,alcohol,Barceló,botella,70cl,60.0,11.2098,672.59,21
1quK8q65KMWNgmQpXcKYb__ATZUw0Pfp2,Miguel Merino Distribuciones SL,2026-08-20,"ABSOLUT 0,7L(6U)",bebida,alcohol,Absolut,botella,70cl,60.0,11.19,671.4,21
1quK8q65KMWNgmQpXcKYb__ATZUw0Pfp2,Miguel Merino Distribuciones SL,2026-08-20,"OLMECA BLANCO TEQUILA 0,7L(6U)",bebida,alcohol,Olmeca,botella,70cl,18.0,9.615,173.07,21
1quK8q65KMWNgmQpXcKYb__ATZUw0Pfp2,Miguel Merino Distribuciones SL,2026-08-20,RED BULL ENERGY DRINK (24U),bebida,refresco,Red Bull,caja,24u,10.0,29.296,292.96,21
1U2lidh1wz4MigzRvRi2p7HWtJ-g8cUaD,Picking Gades SL,2026-06-01,Queso frambuesa lata 120g (C14 uds) Tragus,comida,,Tragus,caja,14x120g,4,33.4,133.6,10
1U2lidh1wz4MigzRvRi2p7HWtJ-g8cUaD,Picking Gades SL,2026-06-01,Limoncello lata 120g (C/14uds) Tragus,comida,,Tragus,caja,14x120g,1,33.4,33.4,10
1U2lidh1wz4MigzRvRi2p7HWtJ-g8cUaD,Picking Gades SL,2026-06-01,Limoncello lata 120g (C/14uds) Tragus,comida,,Tragus,caja,14x120g,3,33.4,100.2,10
1U2lidh1wz4MigzRvRi2p7HWtJ-g8cUaD,Picking Gades SL,2026-06-01,Dos chocolates lata 120g (C/14 uds) Tragus,comida,,Tragus,caja,14x120g,4,33.4,133.6,10
1U2lidh1wz4MigzRvRi2p7HWtJ-g8cUaD,Picking Gades SL,2026-06-01,Tocino cielo lata 120g (C/14 uds) Tragus,comida,,Tragus,caja,14x120g,1,33.4,33.4,10
1U2lidh1wz4MigzRvRi2p7HWtJ-g8cUaD,Picking Gades SL,2026-06-01,Tocino cielo lata 120g (C/14 uds) Tragus,comida,,Tragus,caja,14x120g,3,33.4,100.2,10
1U2lidh1wz4MigzRvRi2p7HWtJ-g8cUaD,Picking Gades SL,2026-06-01,Carpaccio vaca ultracongelado raciones 90 g (C/15 uds),comida,,,caja,15x90g,1.65,58.4,96.36,10
1U2lidh1wz4MigzRvRi2p7HWtJ-g8cUaD,Picking Gades SL,2026-06-01,Carpaccio vaca ultracongelado raciones 90 g (C/15 uds),comida,,,caja,15x90g,0.35,58.4,20.44,10
1U2lidh1wz4MigzRvRi2p7HWtJ-g8cUaD,Picking Gades SL,2026-06-01,Pastrami loncheado 150g congelado (C/14uds) La Finca,comida,,La Finca,caja,14x150g,28,0.0,0,10
1pYI4bR84DcnXmlOn5ANr94s3bxJf_oOS,Ulivo Catering S.L.,2026-08-31,Montaje Ulivo Trattoria 2 Hornos + 2 pizzaiolos,otros_consumo,,Ulivo,unidad,,1,330.0,330,10
1pYI4bR84DcnXmlOn5ANr94s3bxJf_oOS,Ulivo Catering S.L.,2026-08-31,Pizzas (50% 33 cm y 50% 22 cm),comida,,Ulivo,unidad,,40,8.0,320,10
1pYI4bR84DcnXmlOn5ANr94s3bxJf_oOS,Ulivo Catering S.L.,2026-08-31,Pizzas Ampliación,comida,,Ulivo,unidad,,30,0.0,0,10
1pYI4bR84DcnXmlOn5ANr94s3bxJf_oOS,Ulivo Catering S.L.,2026-08-31,"DESCUENTO/PORTES: Desplazamiento (kms, ida + vuelta)",otros_consumo,,,unidad,,1,70.0,70,10
1pYI4bR84DcnXmlOn5ANr94s3bxJf_oOS,Ulivo Catering S.L.,2026-08-31,DESCUENTO/PORTES: Descuento: 10.00%,otros_consumo,,,unidad,,1,-72.0,-72,10
1FcZEl8sEfyH9C18cVHYSGLM4eIyiYSil,"Coca-Cola Europacific Partners Iberia, S.L.U.",2026-08-24,COCACOLA VR237 C24.,bebida,refresco,Coca-Cola,caja,"24x23,7cl",20,17.832,356.64,21
1FcZEl8sEfyH9C18cVHYSGLM4eIyiYSil,"Coca-Cola Europacific Partners Iberia, S.L.U.",2026-08-24,COCACOLA ZER VR237 C24,bebida,refresco,Coca-Cola,caja,"24x23,7cl",30,17.832,534.96,21
1FcZEl8sEfyH9C18cVHYSGLM4eIyiYSil,"Coca-Cola Europacific Partners Iberia, S.L.U.",2026-08-24,CAJA+BOTELLAS VR237 (8 oz).,otros_consumo,,Coca-Cola,caja,,50,4.8,240.0,21
1yeCXY-x_liPN0X0cJBdDNDo6Pp388Diz,Coca-Cola European Partners Iberia SLU,2026-06-19,COCACOLA VR237 C24.,bebida,refresco,Coca-Cola,caja,"24x23,7cl",4,17.8325,71.33,21
1yeCXY-x_liPN0X0cJBdDNDo6Pp388Diz,Coca-Cola European Partners Iberia SLU,2026-06-19,COCACOLA ZER VR237 C24,bebida,refresco,Coca-Cola,caja,"24x23,7cl",4,17.8325,71.33,21
1utr6vIDFUuiuRKG83SzTOLpbovPrUj3y,Coca-Cola European Partners Iberia SLU,2026-08-14,RBLISS SIG TON WTR VR20 C24,bebida,refresco,Royal Bliss,caja,24x20cl,1,18.05,18.05,21
1utr6vIDFUuiuRKG83SzTOLpbovPrUj3y,Coca-Cola European Partners Iberia SLU,2026-08-14,COCACOLA VR237 C24.,bebida,refresco,Coca-Cola,caja,"24x23,7cl",20,17.832,356.64,21
1utr6vIDFUuiuRKG83SzTOLpbovPrUj3y,Coca-Cola European Partners Iberia SLU,2026-08-14,COCACOLA ZER VR237 C24,bebida,refresco,Coca-Cola,caja,"24x23,7cl",30,17.832,534.96,21
1utr6vIDFUuiuRKG83SzTOLpbovPrUj3y,Coca-Cola European Partners Iberia SLU,2026-08-14,FUZE GTM VR30 C24.,bebida,refresco,Fuze Tea,caja,24x30cl,1,17.74,17.74,21
1utr6vIDFUuiuRKG83SzTOLpbovPrUj3y,Coca-Cola European Partners Iberia SLU,2026-08-14,CAJA+BOTELLAS VR237 (8 oz).,otros_consumo,,Coca-Cola,caja,,8,4.8,38.4,21
1utr6vIDFUuiuRKG83SzTOLpbovPrUj3y,Coca-Cola European Partners Iberia SLU,2026-08-14,CAJA+BOTELLAS VR20 MIXER,otros_consumo,,Coca-Cola,caja,,1,4.8,4.8,21
1wPU50oMAI_sdxXyeKelV7Rwf69xiK2Di,Hielo Express Los Mellis,2026-08-17,HIELO,otros_consumo,,,bolsa,,219,3.6364,796.36,10
1wPU50oMAI_sdxXyeKelV7Rwf69xiK2Di,Hielo Express Los Mellis,2026-08-17,HIELO PICADO,otros_consumo,,,bolsa,,1,4.5455,4.55,10
1wPU50oMAI_sdxXyeKelV7Rwf69xiK2Di,Hielo Express Los Mellis,2026-08-17,CAJA COCACOLA ZERO 237,bebida,refresco,Coca-Cola,caja,"24x23,7cl",13,18.0992,235.29,21
1wPU50oMAI_sdxXyeKelV7Rwf69xiK2Di,Hielo Express Los Mellis,2026-08-17,TONICA SWEPPES,bebida,refresco,Schweppes,caja,,35,20.5785,720.25,21
1q0mZf62FY-kttGEIXDfVwf4qJAUjecH6,IPASUR LICORES & VINOS SL,2026-06-30,BISTRO SIDRA VASO REFORZAD 510CC,otros_consumo,,Bistro,unidad,51cl,72,0.697,50.18,21
1q0mZf62FY-kttGEIXDfVwf4qJAUjecH6,IPASUR LICORES & VINOS SL,2026-06-30,"V OURO 3,4 'R' 24un C.1",otros_consumo,,,caja,24 uds,4,12.489,49.96,21
1q0mZf62FY-kttGEIXDfVwf4qJAUjecH6,IPASUR LICORES & VINOS SL,2026-06-30,BISTRO PINTA TENS. VASO C-12 R/42240,otros_consumo,,Bistro,caja,12 uds,2,10.183,20.37,21
1q0mZf62FY-kttGEIXDfVwf4qJAUjecH6,IPASUR LICORES & VINOS SL,2026-06-30,C PINOT 47 `R´`FAA6 H C.6,otros_consumo,,,unidad,47cl,48,1.675,80.4,21
1OacmXECYh2d4pP0fxz22CpZnwMbvuxXj,Jamones y Delicatessen La Encina (Javier Quintero),2026-08-17,CECINA,comida,,,unidad,,15,4.4,66.0,10
1OacmXECYh2d4pP0fxz22CpZnwMbvuxXj,Jamones y Delicatessen La Encina (Javier Quintero),2026-08-17,CHICHARRON,comida,,,unidad,,15,1.6,24.0,10
1OacmXECYh2d4pP0fxz22CpZnwMbvuxXj,Jamones y Delicatessen La Encina (Javier Quintero),2026-08-17,JAMON COCIDO,comida,,,kg,,2.15,16.0,34.4,10
1OacmXECYh2d4pP0fxz22CpZnwMbvuxXj,Jamones y Delicatessen La Encina (Javier Quintero),2026-08-17,CUBO MEJILLON,comida,,,unidad,,3,22.7,68.1,10
1OacmXECYh2d4pP0fxz22CpZnwMbvuxXj,Jamones y Delicatessen La Encina (Javier Quintero),2026-08-17,GILDA ATUN,comida,,,unidad,,3,12.5,37.5,10
1OacmXECYh2d4pP0fxz22CpZnwMbvuxXj,Jamones y Delicatessen La Encina (Javier Quintero),2026-08-17,GILDAS ANCHOA,comida,,,unidad,,2,12.5,25.0,10
1qnOnU3sN5EwcyoSvScYPVBkEPB_sUK2C,MAKRO DISTRIBUCION MAYORISTA S.A.,2026-07-16,"VASO CHUPITO SHOT MPRO 3,4CLX6",otros_consumo,,Metro Professional,paquete,"6x3,4cl",5,4.65,23.25,21
1qnOnU3sN5EwcyoSvScYPVBkEPB_sUK2C,MAKRO DISTRIBUCION MAYORISTA S.A.,2026-07-16,VASO SIDRA TS MPRO 50CL X12,otros_consumo,,Metro Professional,caja,12x50cl,10,9.75,97.5,21
1qnOnU3sN5EwcyoSvScYPVBkEPB_sUK2C,MAKRO DISTRIBUCION MAYORISTA S.A.,2026-07-16,COMPRA MÁS PAGA MENOS (DESCUENTO/PORTES),otros_consumo,,,,,1,-14.6,-14.6,21
1f7d7Vb54HTa61YnF8TARP88WTDX00P0E,MAKRO DISTRIBUCION MAYORISTA S.A.,2026-07-29,SSA TARTARA TUSCE 1KG,comida,,Tusce,bote,1kg,1,7.45,7.45,10
1f7d7Vb54HTa61YnF8TARP88WTDX00P0E,MAKRO DISTRIBUCION MAYORISTA S.A.,2026-07-29,MOSTAZA Y MIEL SSA ASTURIA 1KG,comida,,Asturia,bote,1kg,1,5.59,5.59,10
1f7d7Vb54HTa61YnF8TARP88WTDX00P0E,MAKRO DISTRIBUCION MAYORISTA S.A.,2026-07-29,PATATAS FRITAS MADRILEÑA 1KG,comida,,La Madrileña,bolsa,1kg,2,5.43,10.86,10
1f7d7Vb54HTa61YnF8TARP88WTDX00P0E,MAKRO DISTRIBUCION MAYORISTA S.A.,2026-07-29,SERV MPRO 20X20CM BLANCO 150UD,otros_consumo,,Metro Professional,paquete,150 uds,3,1.89,5.67,21
1f7d7Vb54HTa61YnF8TARP88WTDX00P0E,MAKRO DISTRIBUCION MAYORISTA S.A.,2026-07-29,SERV MPRO 20X20CM NEGRO 150UD,otros_consumo,,Metro Professional,paquete,150 uds,3,1.95,5.85,21
1f7d7Vb54HTa61YnF8TARP88WTDX00P0E,MAKRO DISTRIBUCION MAYORISTA S.A.,2026-07-29,ABREBOTELLAS PLANO ARO 11CM,otros_consumo,,,unidad,,2,1.95,3.9,21
1f7d7Vb54HTa61YnF8TARP88WTDX00P0E,MAKRO DISTRIBUCION MAYORISTA S.A.,2026-07-29,PINZA HIELO INOX MPRO 18CM X3,otros_consumo,,Metro Professional,paquete,3 uds,1,3.95,3.95,21
1eP_XFRJQDzABCrb9tQKKYdM9QxAnydrx,Melgarejo Distribuidores de Bebidas S.L.,2026-08-31,FIANZA 1/3 CRUZCAMPO,otros_consumo,,Cruzcampo,caja,,-11,3.7,-40.7,21
1eP_XFRJQDzABCrb9tQKKYdM9QxAnydrx,Melgarejo Distribuidores de Bebidas S.L.,2026-08-31,CAJA C/BOT SCHWEPPES 200 RET,otros_consumo,,Schweppes,caja,,-31,5.2,-161.2,21
1eP_XFRJQDzABCrb9tQKKYdM9QxAnydrx,Melgarejo Distribuidores de Bebidas S.L.,2026-08-31,CAJA C/BOT SEVEN-UP 200 CC,otros_consumo,,7Up,caja,,-8,4.8,-38.4,21
1eP_XFRJQDzABCrb9tQKKYdM9QxAnydrx,Melgarejo Distribuidores de Bebidas S.L.,2026-08-31,PEPSI MAX AXL RET 200CC,bebida,refresco,Pepsi,caja,24x20cl,15,17.472,262.08,21
1eP_XFRJQDzABCrb9tQKKYdM9QxAnydrx,Melgarejo Distribuidores de Bebidas S.L.,2026-08-31,PEPSI REGULAR AXL RET 200 CC,bebida,refresco,Pepsi,caja,24x20cl,30,17.472,524.16,21
1eP_XFRJQDzABCrb9tQKKYdM9QxAnydrx,Melgarejo Distribuidores de Bebidas S.L.,2026-08-31,SCH TONICA RET 28X1X200ML,bebida,refresco,Schweppes,caja,28x20cl,5,22.344,111.72,21
1eP_XFRJQDzABCrb9tQKKYdM9QxAnydrx,Melgarejo Distribuidores de Bebidas S.L.,2026-08-31,SCH SEL AGUA CON GAS 12X1X20CL,bebida,agua,Schweppes,caja,12x20cl,7,11.82,82.74,10
1eP_XFRJQDzABCrb9tQKKYdM9QxAnydrx,Melgarejo Distribuidores de Bebidas S.L.,2026-08-31,SCH NARANJA LOW CAL RET 28X1X200,bebida,refresco,Schweppes,caja,28x20cl,3,18.2267,54.68,21
1eP_XFRJQDzABCrb9tQKKYdM9QxAnydrx,Melgarejo Distribuidores de Bebidas S.L.,2026-08-31,SCH LIMO LOW RET 28X200ML,bebida,refresco,Schweppes,caja,28x20cl,5,18.228,91.14,21
1eP_XFRJQDzABCrb9tQKKYdM9QxAnydrx,Melgarejo Distribuidores de Bebidas S.L.,2026-08-31,LANJARON PET 33cl 42 UDS,bebida,agua,Lanjarón,caja,42x33cl,10,12.956,129.56,10
1eP_XFRJQDzABCrb9tQKKYdM9QxAnydrx,Melgarejo Distribuidores de Bebidas S.L.,2026-08-31,CAJA C/BOT PEPSI 200 RET,otros_consumo,,Pepsi,caja,,45,4.8,216.0,21
1eP_XFRJQDzABCrb9tQKKYdM9QxAnydrx,Melgarejo Distribuidores de Bebidas S.L.,2026-08-31,CAJA C/BOT SCHWEPPES 200 RET,otros_consumo,,Schweppes,caja,,13,5.2,67.6,21
1eP_XFRJQDzABCrb9tQKKYdM9QxAnydrx,Melgarejo Distribuidores de Bebidas S.L.,2026-08-31,1/3 CRUZCAMPO PILSEN RET,bebida,cerveza,Cruzcampo,botellin,24x33cl,8,33.07,264.56,21
1eP_XFRJQDzABCrb9tQKKYdM9QxAnydrx,Melgarejo Distribuidores de Bebidas S.L.,2026-08-31,SEVEN FREE RET 200 CC,bebida,refresco,7Up,caja,24x20cl,8,16.2963,130.37,21
1eP_XFRJQDzABCrb9tQKKYdM9QxAnydrx,Melgarejo Distribuidores de Bebidas S.L.,2026-08-31,FIANZA 1/3 CRUZCAMPO,otros_consumo,,Cruzcampo,caja,,8,3.7,29.6,21
1eP_XFRJQDzABCrb9tQKKYdM9QxAnydrx,Melgarejo Distribuidores de Bebidas S.L.,2026-08-31,CAJA C/BOT SEVEN-UP 200 CC,otros_consumo,,7Up,caja,,8,4.8,38.4,21
1eP_XFRJQDzABCrb9tQKKYdM9QxAnydrx,Melgarejo Distribuidores de Bebidas S.L.,2026-08-31,BARRIL CRUZCAMPO 50L,bebida,cerveza,Cruzcampo,barril,50L,2,168.0,336.0,21
1eP_XFRJQDzABCrb9tQKKYdM9QxAnydrx,Melgarejo Distribuidores de Bebidas S.L.,2026-08-31,WHITE LABEL WHISKY 70cl,bebida,alcohol,Dewar's White Label,botella,70cl,24,9.0708,217.7,21
1eP_XFRJQDzABCrb9tQKKYdM9QxAnydrx,Melgarejo Distribuidores de Bebidas S.L.,2026-08-31,BTLLA RV GINEBRA RIVES 70 CL,bebida,alcohol,Rives,botella,70cl,36,8.1578,293.68,21
1eP_XFRJQDzABCrb9tQKKYdM9QxAnydrx,Melgarejo Distribuidores de Bebidas S.L.,2026-08-31,CRUZCAMPO SIN GLUTEN 33cl. 12 UDS,bebida,cerveza,Cruzcampo,botellin,12x33cl,1,18.44,18.44,21
1eP_XFRJQDzABCrb9tQKKYdM9QxAnydrx,Melgarejo Distribuidores de Bebidas S.L.,2026-08-31,1/3 CRUZCAMPO PILSEN RET,bebida,cerveza,Cruzcampo,botellin,24x33cl,12,33.07,396.84,21
1eP_XFRJQDzABCrb9tQKKYdM9QxAnydrx,Melgarejo Distribuidores de Bebidas S.L.,2026-08-31,SEVEN FREE RET 200 CC,bebida,refresco,7Up,caja,24x20cl,7,16.2957,114.07,21
1eP_XFRJQDzABCrb9tQKKYdM9QxAnydrx,Melgarejo Distribuidores de Bebidas S.L.,2026-08-31,AQUAREL PET 33cl 35 UDS,bebida,agua,Aquarel,caja,35x33cl,3,6.04,18.12,10
1eP_XFRJQDzABCrb9tQKKYdM9QxAnydrx,Melgarejo Distribuidores de Bebidas S.L.,2026-08-31,SCH TONICA RET 28X1X200ML,bebida,refresco,Schweppes,caja,28x20cl,15,22.344,335.16,21
1eP_XFRJQDzABCrb9tQKKYdM9QxAnydrx,Melgarejo Distribuidores de Bebidas S.L.,2026-08-31,SCH SEL AGUA CON GAS 12X1X20CL,bebida,agua,Schweppes,caja,12x20cl,8,11.82,94.56,10
1eP_XFRJQDzABCrb9tQKKYdM9QxAnydrx,Melgarejo Distribuidores de Bebidas S.L.,2026-08-31,SCH POMELO RET 28X1X200ML,bebida,refresco,Schweppes,caja,28x20cl,2,22.345,44.69,21
1eP_XFRJQDzABCrb9tQKKYdM9QxAnydrx,Melgarejo Distribuidores de Bebidas S.L.,2026-08-31,SCH LIMO LOW RET 28X200ML,bebida,refresco,Schweppes,caja,28x20cl,5,18.228,91.14,21
1eP_XFRJQDzABCrb9tQKKYdM9QxAnydrx,Melgarejo Distribuidores de Bebidas S.L.,2026-08-31,SCH GINGER ALE PREMIUM 12X200 CL,bebida,refresco,Schweppes,caja,12x20cl,2,16.475,32.95,21
1eP_XFRJQDzABCrb9tQKKYdM9QxAnydrx,Melgarejo Distribuidores de Bebidas S.L.,2026-08-31,FIANZA 1/3 CRUZCAMPO,otros_consumo,,Cruzcampo,caja,,-2,3.7,-7.4,21
1eP_XFRJQDzABCrb9tQKKYdM9QxAnydrx,Melgarejo Distribuidores de Bebidas S.L.,2026-08-31,CAJA C/BOT SEVEN-UP 200 CC,otros_consumo,,7Up,caja,,-3,4.8,-14.4,21
1eP_XFRJQDzABCrb9tQKKYdM9QxAnydrx,Melgarejo Distribuidores de Bebidas S.L.,2026-08-31,CAJA C/BOT PEPSI 200 RET,otros_consumo,,Pepsi,caja,,-37,4.8,-177.6,21
1eP_XFRJQDzABCrb9tQKKYdM9QxAnydrx,Melgarejo Distribuidores de Bebidas S.L.,2026-08-31,CAJA C/BOT SCHWEPPES 200 RET,otros_consumo,,Schweppes,caja,,-21,5.2,-109.2,21
1eP_XFRJQDzABCrb9tQKKYdM9QxAnydrx,Melgarejo Distribuidores de Bebidas S.L.,2026-08-31,SCH GINGER ALE PREMIUM 12X200 CL,bebida,refresco,Schweppes,caja,12x20cl,1,16.48,16.48,21
1eP_XFRJQDzABCrb9tQKKYdM9QxAnydrx,Melgarejo Distribuidores de Bebidas S.L.,2026-08-31,FIANZA 1/3 CRUZCAMPO,otros_consumo,,Cruzcampo,caja,,12,3.7,44.4,21
1eP_XFRJQDzABCrb9tQKKYdM9QxAnydrx,Melgarejo Distribuidores de Bebidas S.L.,2026-08-31,FIANZA BARRIL 50 L,otros_consumo,,Cruzcampo,barril,50L,2,12.02,24.04,21
1eP_XFRJQDzABCrb9tQKKYdM9QxAnydrx,Melgarejo Distribuidores de Bebidas S.L.,2026-08-31,CAJA C/BOT SEVEN-UP 200 CC,otros_consumo,,7Up,caja,,7,4.8,33.6,21
1eP_XFRJQDzABCrb9tQKKYdM9QxAnydrx,Melgarejo Distribuidores de Bebidas S.L.,2026-08-31,CAJA C/BOT SCHWEPPES 200 RET,otros_consumo,,Schweppes,caja,,22,5.2,114.4,21
1YGt0TeDPH_cbxrZdoe9wcsPsp6lTULjY,Melgarejo Distribuidores de Bebidas SL,2026-08-11,BTLLA RV GINEBRA RIVES 70 CL,bebida,alcohol,Rives,botella,70cl,18,8.1578,146.84,21
1YGt0TeDPH_cbxrZdoe9wcsPsp6lTULjY,Melgarejo Distribuidores de Bebidas SL,2026-08-11,SEVEN FREE RET 200 CC,bebida,refresco,7Up,caja,24x20cl,8,16.2963,130.37,21
1YGt0TeDPH_cbxrZdoe9wcsPsp6lTULjY,Melgarejo Distribuidores de Bebidas SL,2026-08-11,AGUA EVIAN CON GAS 200 X33 CL,bebida,agua,Evian,caja,x33cl,4,24.58,98.32,10
1YGt0TeDPH_cbxrZdoe9wcsPsp6lTULjY,Melgarejo Distribuidores de Bebidas SL,2026-08-11,1/3 CRUZCAMPO PILSEN RET,bebida,cerveza,Cruzcampo,botellin,24x33cl,6,33.07,198.42,21
1YGt0TeDPH_cbxrZdoe9wcsPsp6lTULjY,Melgarejo Distribuidores de Bebidas SL,2026-08-11,"BTLLA WHITE LABEL 0,70 - DEMENTE",bebida,alcohol,Dewar's White Label,botella,70cl,24,7.7313,185.55,21
1YGt0TeDPH_cbxrZdoe9wcsPsp6lTULjY,Melgarejo Distribuidores de Bebidas SL,2026-08-11,SCH TONICA RET 28X1X200ML,bebida,refresco,Schweppes,caja,28x20cl,6,22.3433,134.06,21
1YGt0TeDPH_cbxrZdoe9wcsPsp6lTULjY,Melgarejo Distribuidores de Bebidas SL,2026-08-11,AQUAREL PET 33cl 35 UDS,bebida,agua,Aquarel,caja,35x33cl,2,6.04,12.08,10
1YGt0TeDPH_cbxrZdoe9wcsPsp6lTULjY,Melgarejo Distribuidores de Bebidas SL,2026-08-11,FIANZA 1/3 CRUZCAMPO,otros_consumo,,Cruzcampo,caja,,6,3.7,22.2,21
1YGt0TeDPH_cbxrZdoe9wcsPsp6lTULjY,Melgarejo Distribuidores de Bebidas SL,2026-08-11,CAJA C/BOT SEVEN-UP 200 CC,otros_consumo,,7Up,caja,,8,4.8,38.4,21
1YGt0TeDPH_cbxrZdoe9wcsPsp6lTULjY,Melgarejo Distribuidores de Bebidas SL,2026-08-11,CAJA C/BOT SCHWEPPES 200 RET,otros_consumo,,Schweppes,caja,,6,5.2,31.2,21
1YGt0TeDPH_cbxrZdoe9wcsPsp6lTULjY,Melgarejo Distribuidores de Bebidas SL,2026-08-11,FIANZA 1/3 CRUZCAMPO,otros_consumo,,Cruzcampo,caja,,-16,3.7,-59.2,21
1YGt0TeDPH_cbxrZdoe9wcsPsp6lTULjY,Melgarejo Distribuidores de Bebidas SL,2026-08-11,FIANZA BARRIL 50 L,otros_consumo,,Cruzcampo,barril,50L,-1,12.02,-12.02,21
1YGt0TeDPH_cbxrZdoe9wcsPsp6lTULjY,Melgarejo Distribuidores de Bebidas SL,2026-08-11,1/3 CRUZCAMPO PILSEN RET,bebida,cerveza,Cruzcampo,botellin,24x33cl,3,33.07,99.21,21
1YGt0TeDPH_cbxrZdoe9wcsPsp6lTULjY,Melgarejo Distribuidores de Bebidas SL,2026-08-11,SEVEN FREE RET 200 CC,bebida,refresco,7Up,caja,24x20cl,7,16.2957,114.07,21
1YGt0TeDPH_cbxrZdoe9wcsPsp6lTULjY,Melgarejo Distribuidores de Bebidas SL,2026-08-11,PEPSI MAX AXL RET 200CC,bebida,refresco,Pepsi,caja,24x20cl,10,17.472,174.72,21
1YGt0TeDPH_cbxrZdoe9wcsPsp6lTULjY,Melgarejo Distribuidores de Bebidas SL,2026-08-11,PEPSI REGULAR AXL RET 200 CC,bebida,refresco,Pepsi,caja,24x20cl,13,17.4723,227.14,21
1YGt0TeDPH_cbxrZdoe9wcsPsp6lTULjY,Melgarejo Distribuidores de Bebidas SL,2026-08-11,CAJA C/BOT SEVEN-UP 200 CC,otros_consumo,,7Up,caja,,-9,4.8,-43.2,21
1YGt0TeDPH_cbxrZdoe9wcsPsp6lTULjY,Melgarejo Distribuidores de Bebidas SL,2026-08-11,CAJA C/BOT SCHWEPPES 200 RET,otros_consumo,,Schweppes,caja,,-56,5.2,-291.2,21
1YGt0TeDPH_cbxrZdoe9wcsPsp6lTULjY,Melgarejo Distribuidores de Bebidas SL,2026-08-11,SCH TONICA RET 28X1X200ML,bebida,refresco,Schweppes,caja,28x20cl,17,22.3441,379.85,21
1YGt0TeDPH_cbxrZdoe9wcsPsp6lTULjY,Melgarejo Distribuidores de Bebidas SL,2026-08-11,SCH NARANJA LOW CAL RET 28X1X200,bebida,refresco,Schweppes,caja,28x20cl,4,18.2275,72.91,21
1YGt0TeDPH_cbxrZdoe9wcsPsp6lTULjY,Melgarejo Distribuidores de Bebidas SL,2026-08-11,SCH LIMO LOW RET 28X200ML,bebida,refresco,Schweppes,caja,28x20cl,10,18.228,182.28,21
1YGt0TeDPH_cbxrZdoe9wcsPsp6lTULjY,Melgarejo Distribuidores de Bebidas SL,2026-08-11,FIANZA 1/3 CRUZCAMPO,otros_consumo,,Cruzcampo,caja,,3,3.7,11.1,21
1YGt0TeDPH_cbxrZdoe9wcsPsp6lTULjY,Melgarejo Distribuidores de Bebidas SL,2026-08-11,CAJA C/BOT SEVEN-UP 200 CC,otros_consumo,,7Up,caja,,7,4.8,33.6,21
1YGt0TeDPH_cbxrZdoe9wcsPsp6lTULjY,Melgarejo Distribuidores de Bebidas SL,2026-08-11,CAJA C/BOT PEPSI 200 RET,otros_consumo,,Pepsi,caja,,23,4.8,110.4,21
1YGt0TeDPH_cbxrZdoe9wcsPsp6lTULjY,Melgarejo Distribuidores de Bebidas SL,2026-08-11,CAJA C/BOT SCHWEPPES 200 RET,otros_consumo,,Schweppes,caja,,31,5.2,161.2,21
1YGt0TeDPH_cbxrZdoe9wcsPsp6lTULjY,Melgarejo Distribuidores de Bebidas SL,2026-08-11,AGUA EVIAN CON GAS 200 X33 CL,bebida,agua,Evian,caja,x33cl,5,24.58,122.9,10
1YGt0TeDPH_cbxrZdoe9wcsPsp6lTULjY,Melgarejo Distribuidores de Bebidas SL,2026-08-11,SCH SEL AGUA CON GAS 12X1X20CL,bebida,agua,Schweppes,caja,12x20cl,5,11.82,59.1,10
1YGt0TeDPH_cbxrZdoe9wcsPsp6lTULjY,Melgarejo Distribuidores de Bebidas SL,2026-08-11,AQUAREL PET 33cl 35 UDS,bebida,agua,Aquarel,caja,35x33cl,4,6.04,24.16,10
1YGt0TeDPH_cbxrZdoe9wcsPsp6lTULjY,Melgarejo Distribuidores de Bebidas SL,2026-08-11,BTLLA RV GINEBRA RIVES 70 CL,bebida,alcohol,Rives,botella,70cl,42,8.1576,342.62,21
1YGt0TeDPH_cbxrZdoe9wcsPsp6lTULjY,Melgarejo Distribuidores de Bebidas SL,2026-08-11,CRUZCAMPO SIN GLUTEN 33cl. 12 UDS,bebida,cerveza,Cruzcampo,botellin,12x33cl,2,18.445,36.89,21
1YGt0TeDPH_cbxrZdoe9wcsPsp6lTULjY,Melgarejo Distribuidores de Bebidas SL,2026-08-11,1/3 CRUZCAMPO PILSEN RET,bebida,cerveza,Cruzcampo,botellin,24x33cl,8,33.07,264.56,21
1YGt0TeDPH_cbxrZdoe9wcsPsp6lTULjY,Melgarejo Distribuidores de Bebidas SL,2026-08-11,SEVEN FREE RET 200 CC,bebida,refresco,7Up,caja,24x20cl,7,16.2957,114.07,21
1YGt0TeDPH_cbxrZdoe9wcsPsp6lTULjY,Melgarejo Distribuidores de Bebidas SL,2026-08-11,AGUA EVIAN CON GAS 200 X33 CL,bebida,agua,Evian,caja,x33cl,6,24.58,147.48,10
1YGt0TeDPH_cbxrZdoe9wcsPsp6lTULjY,Melgarejo Distribuidores de Bebidas SL,2026-08-11,AQUAREL PET 33cl 35 UDS,bebida,agua,Aquarel,caja,35x33cl,6,6.0417,36.25,10
1YGt0TeDPH_cbxrZdoe9wcsPsp6lTULjY,Melgarejo Distribuidores de Bebidas SL,2026-08-11,"BTLLA WHITE LABEL 0,70 - DEMENTE",bebida,alcohol,Dewar's White Label,botella,70cl,60,7.7312,463.87,21
1YGt0TeDPH_cbxrZdoe9wcsPsp6lTULjY,Melgarejo Distribuidores de Bebidas SL,2026-08-11,SCH TONICA RET 28X1X200ML,bebida,refresco,Schweppes,caja,28x20cl,18,22.3439,402.19,21
1YGt0TeDPH_cbxrZdoe9wcsPsp6lTULjY,Melgarejo Distribuidores de Bebidas SL,2026-08-11,SCH SEL AGUA CON GAS 12X1X20CL,bebida,agua,Schweppes,caja,12x20cl,6,11.82,70.92,10
1YGt0TeDPH_cbxrZdoe9wcsPsp6lTULjY,Melgarejo Distribuidores de Bebidas SL,2026-08-11,SCH NARANJA LOW CAL RET 28X1X200,bebida,refresco,Schweppes,caja,28x20cl,7,18.2286,127.6,21
1YGt0TeDPH_cbxrZdoe9wcsPsp6lTULjY,Melgarejo Distribuidores de Bebidas SL,2026-08-11,SCH LIMO LOW RET 28X200ML,bebida,refresco,Schweppes,caja,28x20cl,17,18.2282,309.88,21
1YGt0TeDPH_cbxrZdoe9wcsPsp6lTULjY,Melgarejo Distribuidores de Bebidas SL,2026-08-11,FIANZA 1/3 CRUZCAMPO,otros_consumo,,Cruzcampo,caja,,-5,3.7,-18.5,21
1YGt0TeDPH_cbxrZdoe9wcsPsp6lTULjY,Melgarejo Distribuidores de Bebidas SL,2026-08-11,CAJA C/BOT SEVEN-UP 200 CC,otros_consumo,,7Up,caja,,-6,4.8,-28.8,21
1YGt0TeDPH_cbxrZdoe9wcsPsp6lTULjY,Melgarejo Distribuidores de Bebidas SL,2026-08-11,CAJA C/BOT SCHWEPPES 200 RET,otros_consumo,,Schweppes,caja,,-30,5.2,-156.0,21
1YGt0TeDPH_cbxrZdoe9wcsPsp6lTULjY,Melgarejo Distribuidores de Bebidas SL,2026-08-11,CAJA C/BOT PEPSI 200 RET,otros_consumo,,Pepsi,caja,,-25,4.8,-120.0,21
1YGt0TeDPH_cbxrZdoe9wcsPsp6lTULjY,Melgarejo Distribuidores de Bebidas SL,2026-08-11,FIANZA BARRIL 50 L,otros_consumo,,Cruzcampo,barril,50L,-1,12.02,-12.02,21
1YGt0TeDPH_cbxrZdoe9wcsPsp6lTULjY,Melgarejo Distribuidores de Bebidas SL,2026-08-11,FIANZA 1/3 CRUZCAMPO,otros_consumo,,Cruzcampo,caja,,8,3.7,29.6,21
1YGt0TeDPH_cbxrZdoe9wcsPsp6lTULjY,Melgarejo Distribuidores de Bebidas SL,2026-08-11,CAJA C/BOT SEVEN-UP 200 CC,otros_consumo,,7Up,caja,,7,4.8,33.6,21
1YGt0TeDPH_cbxrZdoe9wcsPsp6lTULjY,Melgarejo Distribuidores de Bebidas SL,2026-08-11,CAJA C/BOT SCHWEPPES 200 RET,otros_consumo,,Schweppes,caja,,42,5.2,218.4,21
1yI01fVEUCW2n_I88UdlkpNs7q56inz6b,Miguel Merino Distribuciones S.L.,2026-08-25,"BEEFEATER GIN 0,7L(6U)",bebida,alcohol,Beefeater,botella,70cl,36,11.8219,425.59,21
1yI01fVEUCW2n_I88UdlkpNs7q56inz6b,Miguel Merino Distribuciones S.L.,2026-08-25,"ABSOLUT 0,7L(6U)",bebida,alcohol,Absolut,botella,70cl,30,11.19,335.7,21
1yI01fVEUCW2n_I88UdlkpNs7q56inz6b,Miguel Merino Distribuciones S.L.,2026-08-25,RED BULL ENERGY DRINK (24U),bebida,refresco,Red Bull,caja,24 uds,10,29.296,292.96,21
1yI01fVEUCW2n_I88UdlkpNs7q56inz6b,Miguel Merino Distribuciones S.L.,2026-08-25,"BALLANTINE`S 0,7L(6U)",bebida,alcohol,Ballantine's,botella,70cl,48,11.1317,534.32,21
1yI01fVEUCW2n_I88UdlkpNs7q56inz6b,Miguel Merino Distribuciones S.L.,2026-08-25,"GREY GOOSE VODKA 0,7L(6U)",bebida,alcohol,Grey Goose,botella,70cl,6,36.5033,219.02,21
1yI01fVEUCW2n_I88UdlkpNs7q56inz6b,Miguel Merino Distribuciones S.L.,2026-08-25,"WHITE LABEL DEWAR´S 0,7L(6U)",bebida,alcohol,Dewar's White Label,botella,70cl,3,0.0,0.0,21
1yI01fVEUCW2n_I88UdlkpNs7q56inz6b,Miguel Merino Distribuciones S.L.,2026-08-25,"GREY GOOSE VODKA 1,75L(6U) CON LUZ",bebida,alcohol,Grey Goose,botella,"1,75L",3,96.55,289.65,21
1yI01fVEUCW2n_I88UdlkpNs7q56inz6b,Miguel Merino Distribuciones S.L.,2026-08-25,"M&C BRUT IMPERIAL ICE 0,75L(6U)",bebida,vino,Moët,botella,75cl,6,45.25,271.5,21
1yI01fVEUCW2n_I88UdlkpNs7q56inz6b,Miguel Merino Distribuciones S.L.,2026-08-25,"M&C BRUT IMPERIAL 0,75L(6U)",bebida,vino,Moët,botella,75cl,6,34.6,207.6,21
1yI01fVEUCW2n_I88UdlkpNs7q56inz6b,Miguel Merino Distribuciones S.L.,2026-08-25,"M&C BRUT IMPERIAL ICE ROSE 0,75L(6U)",bebida,vino,Moët,botella,75cl,2,44.4,88.8,21
1yI01fVEUCW2n_I88UdlkpNs7q56inz6b,Miguel Merino Distribuciones S.L.,2026-08-25,"BARCELO IMPERIAL 0,7L(6U)",bebida,alcohol,Barceló,botella,70cl,3,21.36,64.08,21
1yI01fVEUCW2n_I88UdlkpNs7q56inz6b,Miguel Merino Distribuciones S.L.,2026-08-25,"BARCELO AÑEJO 0,7L(12U)",bebida,alcohol,Barceló,botella,70cl,1,0.0,0.0,21
1yI01fVEUCW2n_I88UdlkpNs7q56inz6b,Miguel Merino Distribuciones S.L.,2026-08-25,"CHAMAN LICOR 0,7L(6U)",bebida,alcohol,Chamán,botella,70cl,60,0.0,0.0,21
1yI01fVEUCW2n_I88UdlkpNs7q56inz6b,Miguel Merino Distribuciones S.L.,2026-08-25,RED BULL ENERGY DRINK (24U),bebida,refresco,Red Bull,caja,24 uds,-2,29.295,-58.59,21
12zBFt3euXXhjhranfRGdEmP0CeD59rHe,"Miguel Merino Distribuciones, S.L.",2026-09-02,"GREY GOOSE VODKA 1,75L(6U) CON LUZ",bebida,alcohol,Grey Goose,botella,"1,75L",-3,96.55,-289.65,21
12zBFt3euXXhjhranfRGdEmP0CeD59rHe,"Miguel Merino Distribuciones, S.L.",2026-09-02,"GREY GOOSE VODKA 0,7L(6U)",bebida,alcohol,Grey Goose,botella,70cl,-4,36.5025,-146.01,21
12zBFt3euXXhjhranfRGdEmP0CeD59rHe,"Miguel Merino Distribuciones, S.L.",2026-09-02,"MUMM C.ROUGE 0,75L(6U) SIN ESTUCHE",bebida,vino,Mumm,botella,75cl,-1,34.78,-34.78,21
12zBFt3euXXhjhranfRGdEmP0CeD59rHe,"Miguel Merino Distribuciones, S.L.",2026-09-02,"MILLER`S GIN 0,7L(6U) 40 GRADOS",bebida,alcohol,Millers,botella,70cl,-1,19.73,-19.73,21
12zBFt3euXXhjhranfRGdEmP0CeD59rHe,"Miguel Merino Distribuciones, S.L.",2026-09-02,"DOM PERIGNON VINTAGE 0,75L(6U)(15)",bebida,vino,Dom Pérignon,botella,75cl,-4,170.5,-682.0,21
12zBFt3euXXhjhranfRGdEmP0CeD59rHe,"Miguel Merino Distribuciones, S.L.",2026-09-02,"M&C BRUT IMPERIAL ICE 0,75L(6U)",bebida,vino,Moët,botella,75cl,-11,45.25,-497.75,21
12zBFt3euXXhjhranfRGdEmP0CeD59rHe,"Miguel Merino Distribuciones, S.L.",2026-09-02,"M&C BRUT IMPERIAL ICE ROSE 0,75L(6U)",bebida,vino,Moët,botella,75cl,-1,44.4,-44.4,21
12zBFt3euXXhjhranfRGdEmP0CeD59rHe,"Miguel Merino Distribuciones, S.L.",2026-09-02,"M&C BRUT IMPERIAL 0,75L(6U)",bebida,vino,Moët,botella,75cl,-7,34.6,-242.2,21
12zBFt3euXXhjhranfRGdEmP0CeD59rHe,"Miguel Merino Distribuciones, S.L.",2026-09-02,"HENDRICK´S GIN 0,7L(6U)",bebida,alcohol,Hendrick's,botella,70cl,-1,23.94,-23.94,21
12zBFt3euXXhjhranfRGdEmP0CeD59rHe,"Miguel Merino Distribuciones, S.L.",2026-09-02,"ZACAPA RON 23 AÑOS 0,7L(6U)",bebida,alcohol,Zacapa,botella,70cl,-1,28.71,-28.71,21
12zBFt3euXXhjhranfRGdEmP0CeD59rHe,"Miguel Merino Distribuciones, S.L.",2026-09-02,"HAVANA 7 AÑOS 0,7L(6U)",bebida,alcohol,Havana Club,botella,70cl,-1,18.76,-18.76,21
12zBFt3euXXhjhranfRGdEmP0CeD59rHe,"Miguel Merino Distribuciones, S.L.",2026-09-02,"BARCELO IMPERIAL 0,7L(6U)",bebida,alcohol,Barceló,botella,70cl,-2,21.36,-42.72,21
12zBFt3euXXhjhranfRGdEmP0CeD59rHe,"Miguel Merino Distribuciones, S.L.",2026-09-02,"J.WALKER GREEN 0,7L(6U)",bebida,alcohol,Johnnie Walker,botella,70cl,-2,42.275,-84.55,21
12zBFt3euXXhjhranfRGdEmP0CeD59rHe,"Miguel Merino Distribuciones, S.L.",2026-09-02,"J.WALKER BLUE 0,7L(6U)",bebida,alcohol,Johnnie Walker,botella,70cl,-2,186.865,-373.73,21
12zBFt3euXXhjhranfRGdEmP0CeD59rHe,"Miguel Merino Distribuciones, S.L.",2026-09-02,"MACALLAN 12 AÑOS DOUBLE CASK 0,7L(6U)",bebida,alcohol,Macallan,botella,70cl,-1,56.99,-56.99,21
12zBFt3euXXhjhranfRGdEmP0CeD59rHe,"Miguel Merino Distribuciones, S.L.",2026-09-02,"CODIGO 1530 TEQUILA BLANCO 0,7L(6U)",bebida,alcohol,Código 1530,botella,70cl,-2,45.255,-90.51,21
12zBFt3euXXhjhranfRGdEmP0CeD59rHe,"Miguel Merino Distribuciones, S.L.",2026-09-02,"LUC BELAIRE BRUT GOLD FANTOME 0,75L(6U)",bebida,vino,Luc Belaire,botella,75cl,-6,27.09,-162.54,21
12zBFt3euXXhjhranfRGdEmP0CeD59rHe,"Miguel Merino Distribuciones, S.L.",2026-09-02,"J.WALKER BLACK 0,7L(6U)",bebida,alcohol,Johnnie Walker,botella,70cl,-6,20.8717,-125.23,21
12zBFt3euXXhjhranfRGdEmP0CeD59rHe,"Miguel Merino Distribuciones, S.L.",2026-09-02,"PUERTO DE INDIAS GIN FRESA 0,7L(6U)",bebida,alcohol,Puerto de Indias,botella,70cl,-4,12.37,-49.48,21
12zBFt3euXXhjhranfRGdEmP0CeD59rHe,"Miguel Merino Distribuciones, S.L.",2026-09-02,"JAMESON 0,7L(6U)",bebida,alcohol,Jameson,botella,70cl,-2,14.075,-28.15,21
12zBFt3euXXhjhranfRGdEmP0CeD59rHe,"Miguel Merino Distribuciones, S.L.",2026-09-02,"ABSOLUT 0,7L(6U)",bebida,alcohol,Absolut,botella,70cl,-55,11.19,-615.45,21
12zBFt3euXXhjhranfRGdEmP0CeD59rHe,"Miguel Merino Distribuciones, S.L.",2026-09-02,"WHITE LABEL DEWAR´S 0,7L(6U)",bebida,alcohol,Dewar's White Label,botella,70cl,-32,10.86,-347.52,21
12zBFt3euXXhjhranfRGdEmP0CeD59rHe,"Miguel Merino Distribuciones, S.L.",2026-09-02,"WHITE LABEL DEWAR´S 0,7L(6U)",bebida,alcohol,Dewar's White Label,botella,70cl,-6,-0.0,0.0,21
12zBFt3euXXhjhranfRGdEmP0CeD59rHe,"Miguel Merino Distribuciones, S.L.",2026-09-02,"WHITE LABEL DEWAR´S 0,7L(6U)",bebida,alcohol,Dewar's White Label,botella,70cl,-2,-0.0,0.0,21
12zBFt3euXXhjhranfRGdEmP0CeD59rHe,"Miguel Merino Distribuciones, S.L.",2026-09-02,"BARCELO AÑEJO 0,7L(12U)",bebida,alcohol,Barceló,botella,70cl,-59,11.2098,-661.38,21
12zBFt3euXXhjhranfRGdEmP0CeD59rHe,"Miguel Merino Distribuciones, S.L.",2026-09-02,"BARCELO AÑEJO 0,7L(12U)",bebida,alcohol,Barceló,botella,70cl,-1,-0.0,0.0,21
12zBFt3euXXhjhranfRGdEmP0CeD59rHe,"Miguel Merino Distribuciones, S.L.",2026-09-02,"BALLANTINE`S 0,7L(6U)",bebida,alcohol,Ballantine's,botella,70cl,-60,11.1317,-667.9,21
12zBFt3euXXhjhranfRGdEmP0CeD59rHe,"Miguel Merino Distribuciones, S.L.",2026-09-02,"HAVANA RON AÑEJO ORIGEN 0,7L(6U)",bebida,alcohol,Havana Club,botella,70cl,-85,10.0331,-852.81,21
12zBFt3euXXhjhranfRGdEmP0CeD59rHe,"Miguel Merino Distribuciones, S.L.",2026-09-02,"SEAGRAM`S GIN 0,7L(6U)",bebida,alcohol,Seagram's,botella,70cl,-91,13.1831,-1199.66,21
12zBFt3euXXhjhranfRGdEmP0CeD59rHe,"Miguel Merino Distribuciones, S.L.",2026-09-02,"BEEFEATER GIN 0,7L(6U)",bebida,alcohol,Beefeater,botella,70cl,-46,11.822,-543.81,21
1KkXZckakL75YIm3y4sjyMtnjMW-qjH0R,Miguel Merino Distribuciones SL,2026-08-12,"BEEFEATER GIN 0,7L(6U)",bebida,alcohol,Beefeater,botella,70cl,48,11.8219,567.45,21
1KkXZckakL75YIm3y4sjyMtnjMW-qjH0R,Miguel Merino Distribuciones SL,2026-08-12,"BALLANTINE`S 0,7L(6U)",bebida,alcohol,Ballantine's,botella,70cl,48,11.1317,534.32,21
1KkXZckakL75YIm3y4sjyMtnjMW-qjH0R,Miguel Merino Distribuciones SL,2026-08-12,"SEAGRAM`S GIN 0,7L(6U)",bebida,alcohol,Seagram's,botella,70cl,24,13.1829,316.39,21
1KkXZckakL75YIm3y4sjyMtnjMW-qjH0R,Miguel Merino Distribuciones SL,2026-08-12,"ABSOLUT 0,7L(6U)",bebida,alcohol,Absolut,botella,70cl,36,11.19,402.84,21
1KkXZckakL75YIm3y4sjyMtnjMW-qjH0R,Miguel Merino Distribuciones SL,2026-08-12,"HAVANA RON AÑEJO ORIGEN 0,7L(6U)",bebida,alcohol,Havana Club,botella,70cl,42,10.0331,421.39,21
13YJMRNlQs0fuwM_uiEFjcECafkjSr-l-,Miguel Merino Distribuciones SL,2026-08-24,"J.WALKER BLACK 0,7L(6U)",bebida,alcohol,Johnnie Walker,botella,70cl,12,20.8708,250.45,21
13YJMRNlQs0fuwM_uiEFjcECafkjSr-l-,Miguel Merino Distribuciones SL,2026-08-24,"ABSOLUT 0,7L(6U)",bebida,alcohol,Absolut,botella,70cl,36,11.19,402.84,21
13YJMRNlQs0fuwM_uiEFjcECafkjSr-l-,Miguel Merino Distribuciones SL,2026-08-24,"SEAGRAM`S GIN 0,7L(6U)",bebida,alcohol,Seagram's,botella,70cl,42,13.1831,553.69,21
13YJMRNlQs0fuwM_uiEFjcECafkjSr-l-,Miguel Merino Distribuciones SL,2026-08-24,"BALLANTINE`S 0,7L(6U)",bebida,alcohol,Ballantine's,botella,70cl,24,11.1317,267.16,21
13YJMRNlQs0fuwM_uiEFjcECafkjSr-l-,Miguel Merino Distribuciones SL,2026-08-24,"BEEFEATER GIN 0,7L(6U)",bebida,alcohol,Beefeater,botella,70cl,30,11.822,354.66,21
13YJMRNlQs0fuwM_uiEFjcECafkjSr-l-,Miguel Merino Distribuciones SL,2026-08-24,RED BULL ENERGY DRINK (24U),bebida,refresco,Red Bull,caja,24 uds,5,29.296,146.48,21
13YJMRNlQs0fuwM_uiEFjcECafkjSr-l-,Miguel Merino Distribuciones SL,2026-08-24,"J.WALKER RED 0,7L(6U)",bebida,alcohol,Johnnie Walker,botella,70cl,1,0.0,0.0,21
19qlIdEj6PkwZ9_PfIVNbQfsp3uaw24zs,Picking Gades SL,2026-08-12,Carpaccio vaca ultracongelado raciones 90 g (C/15 uds),comida,,,caja,15x90g,1,58.4,58.4,10
1HZkuDszZVHnIsZh5kYCnMjQFHcO7Ov3y,"Coca-Cola Europacific Partners Iberia, S.L.U.",2026-09-04,COCACOLA VR237 C24.,bebida,refresco,Coca-Cola,caja,"24x23,7cl",-33,16.6873,-550.68,21
1HZkuDszZVHnIsZh5kYCnMjQFHcO7Ov3y,"Coca-Cola Europacific Partners Iberia, S.L.U.",2026-09-04,COCACOLA ZER VR237 C24,bebida,refresco,Coca-Cola,caja,"24x23,7cl",-23,16.687,-383.8,21
1HZkuDszZVHnIsZh5kYCnMjQFHcO7Ov3y,"Coca-Cola Europacific Partners Iberia, S.L.U.",2026-09-04,CAJA+BOTELLAS VR237 (8 oz).,otros_consumo,,Coca-Cola,caja,"24x23,7cl",-56,4.8,-268.8,21
1CTJgpXpVCswhZPrB5e6VNSuVYfTKNQ9Z,Coca-Cola European Partners Iberia SLU,2026-07-13,COCACOLA VR237 C24.,bebida,refresco,Coca-Cola,caja,"24x23,7cl",10,17.959,179.59,21
1CTJgpXpVCswhZPrB5e6VNSuVYfTKNQ9Z,Coca-Cola European Partners Iberia SLU,2026-07-13,COCACOLA ZER VR237 C24,bebida,refresco,Coca-Cola,caja,"24x23,7cl",7,17.96,125.72,21
1CTJgpXpVCswhZPrB5e6VNSuVYfTKNQ9Z,Coca-Cola European Partners Iberia SLU,2026-07-13,CAJA+BOTELLAS VR237 (8 oz).,otros_consumo,,Coca-Cola,caja,"24x23,7cl",2,4.8,9.6,21
1I1e4_sET_pLn508ra3xG-nporZdDBUDR,Coca-Cola European Partners Iberia SLU,2026-08-17,COCACOLA VR237 C24.,bebida,refresco,Coca-Cola,caja,"24x23,7cl",15,17.832,267.48,21
1I1e4_sET_pLn508ra3xG-nporZdDBUDR,Coca-Cola European Partners Iberia SLU,2026-08-17,COCACOLA ZER VR237 C24,bebida,refresco,Coca-Cola,caja,"24x23,7cl",30,17.832,534.96,21
1I1e4_sET_pLn508ra3xG-nporZdDBUDR,Coca-Cola European Partners Iberia SLU,2026-08-17,CAJA+BOTELLAS VR237 (8 oz).,otros_consumo,,Coca-Cola,caja,"24x23,7cl",7,4.8,33.6,21
1RDUEcuSVfUXtrFSrYQEFxCImoYacrx-0,Hielo Express Los Mellis,2026-08-26,HIELO,otros_consumo,,,bolsa,,186,3.6364,676.36,10
1RDUEcuSVfUXtrFSrYQEFxCImoYacrx-0,Hielo Express Los Mellis,2026-08-26,HIELO PICADO,otros_consumo,,,bolsa,,3,4.5455,13.64,10
1RDUEcuSVfUXtrFSrYQEFxCImoYacrx-0,Hielo Express Los Mellis,2026-08-26,AGUA CON  GAS PLASTICO AQUABONA,bebida,agua,Aquabona,caja,,8,9.0083,72.07,21
1RDUEcuSVfUXtrFSrYQEFxCImoYacrx-0,Hielo Express Los Mellis,2026-08-26,CAJA SEVEN UP,bebida,refresco,7Up,caja,,10,16.4463,164.46,21
1fiDyN7guqTPUGAgWbqV092lhHn9mY0Eg,IPASUR LICORES & VINOS SL,2026-08-15,BISTRO SIDRA VASO REFORZAD 510CC,otros_consumo,,,unidad,51cl,312,0.697,217.46,21
1fiDyN7guqTPUGAgWbqV092lhHn9mY0Eg,IPASUR LICORES & VINOS SL,2026-08-15,BISTRO SIDRA VASO REFORZAD 510CC,otros_consumo,,,unidad,51cl,312,0.697,217.46,21
1fiDyN7guqTPUGAgWbqV092lhHn9mY0Eg,IPASUR LICORES & VINOS SL,2026-08-15,"V OURO 3,4 'R' 24un C.1",otros_consumo,,,caja,24 uds,3,12.489,37.47,21
1fiDyN7guqTPUGAgWbqV092lhHn9mY0Eg,IPASUR LICORES & VINOS SL,2026-08-15,BISTRO SIDRA VASO REFORZAD 510CC,otros_consumo,,,unidad,51cl,504,0.663,334.15,21
1fiDyN7guqTPUGAgWbqV092lhHn9mY0Eg,IPASUR LICORES & VINOS SL,2026-08-15,"V OURO 3,4 'R' 24un C.1",otros_consumo,,,caja,24 uds,2,12.489,24.98,21
1fiDyN7guqTPUGAgWbqV092lhHn9mY0Eg,IPASUR LICORES & VINOS SL,2026-08-15,C PINOT 47 `R´`FAA6 H C.6,otros_consumo,,,unidad,47cl,12,1.675,20.1,21
1fiDyN7guqTPUGAgWbqV092lhHn9mY0Eg,IPASUR LICORES & VINOS SL,2026-08-15,V sidra MAX EXTRAFINO Vicrila 53 12un C.1,otros_consumo,,Vicrila,caja,12 uds,4,12.42,49.68,21
1_7Gb3bCD2wAVt1vRmMYxBz7nGwYEeon8,Javier Quintero Alarcon (Jamones La Encina),2026-08-20,GILDAS ATUN,comida,,,unidad,,5,12.5,62.5,10
1wnBNm0Yf0N_p2HwB8L2pT-HpSnQI9ECr,MAKRO DISTRIBUCION MAYORISTA S.A.,2026-07-20,GAZPACHO S/GLUTEN PET MC 1L,comida,,Makro Chef,botella,1L,1,2.99,2.99,10
1wnBNm0Yf0N_p2HwB8L2pT-HpSnQI9ECr,MAKRO DISTRIBUCION MAYORISTA S.A.,2026-07-20,HIERBABUENA MC MJ 100G,comida,,Makro Chef,unidad,100g,1,1.39,1.39,10
1wnBNm0Yf0N_p2HwB8L2pT-HpSnQI9ECr,MAKRO DISTRIBUCION MAYORISTA S.A.,2026-07-20,AZUCAR MORENO ACOR 1KG,comida,,Acor,kg,1kg,1,1.52,1.52,10
1wnBNm0Yf0N_p2HwB8L2pT-HpSnQI9ECr,MAKRO DISTRIBUCION MAYORISTA S.A.,2026-07-20,SSA WORCESTERSHIRE LP 150ML,comida,,Lea & Perrins,botella,150ml,1,2.65,2.65,10
1wnBNm0Yf0N_p2HwB8L2pT-HpSnQI9ECr,MAKRO DISTRIBUCION MAYORISTA S.A.,2026-07-20,RON BLANCO BACARDI 1L,bebida,alcohol,Bacardi,botella,1L,1,12.69,12.69,21
1wnBNm0Yf0N_p2HwB8L2pT-HpSnQI9ECr,MAKRO DISTRIBUCION MAYORISTA S.A.,2026-07-20,TRIPLE SECO SOREL 70CL,bebida,alcohol,Sorel,botella,70cl,1,6.59,6.59,21
1wnBNm0Yf0N_p2HwB8L2pT-HpSnQI9ECr,MAKRO DISTRIBUCION MAYORISTA S.A.,2026-07-20,SIROPE RIOBA BANANA VERD BT70C,bebida,otros,Rioba,botella,70cl,1,3.05,3.05,10
1wnBNm0Yf0N_p2HwB8L2pT-HpSnQI9ECr,MAKRO DISTRIBUCION MAYORISTA S.A.,2026-07-20,PURÉ MONIN FRUTA PASIÓN PT1L,bebida,otros,Monin,botella,1L,1,17.99,17.99,10
1wnBNm0Yf0N_p2HwB8L2pT-HpSnQI9ECr,MAKRO DISTRIBUCION MAYORISTA S.A.,2026-07-20,SCHWPPES GINGER BEER BT20CL,bebida,refresco,Schweppes,pack,4x20cl,1,5.69,5.69,21
1wnBNm0Yf0N_p2HwB8L2pT-HpSnQI9ECr,MAKRO DISTRIBUCION MAYORISTA S.A.,2026-07-20,CUCHARA COCTEL ESPIRAL MPRO31C,otros_consumo,,Metro Professional,unidad,,2,2.25,4.5,21
1wnBNm0Yf0N_p2HwB8L2pT-HpSnQI9ECr,MAKRO DISTRIBUCION MAYORISTA S.A.,2026-07-20,VASO MEDIDOR INOX MPRO 30/50ML,otros_consumo,,Metro Professional,unidad,,2,2.95,5.9,21
1wnBNm0Yf0N_p2HwB8L2pT-HpSnQI9ECr,MAKRO DISTRIBUCION MAYORISTA S.A.,2026-07-20,COCTELER BOSTON INOX MPRO 80CL,otros_consumo,,Metro Professional,unidad,80cl,2,8.5,17.0,21
1wnBNm0Yf0N_p2HwB8L2pT-HpSnQI9ECr,MAKRO DISTRIBUCION MAYORISTA S.A.,2026-07-20,VASO CONIL TENSIONADO 47CL,otros_consumo,,,caja,12x47cl,1,21.0,21.0,21
1wnBNm0Yf0N_p2HwB8L2pT-HpSnQI9ECr,MAKRO DISTRIBUCION MAYORISTA S.A.,2026-07-20,COPA MARTINI AVEIRO MPRO24CLx6,otros_consumo,,Metro Professional,caja,6x24cl,1,20.95,20.95,21
1BevNL35Qvd8LvNYJRv27qqFtunwafJla,MAKRO DISTRIBUCION MAYORISTA S.A.,2026-08-11,MIX GOURMET RIOBA 20GX50,comida,,Rioba,caja,50x20g,2,7.29,14.58,4
1BevNL35Qvd8LvNYJRv27qqFtunwafJla,MAKRO DISTRIBUCION MAYORISTA S.A.,2026-08-11,MANTEQUILLA MC BQ 1KG,comida,,Makro Chef,kg,1kg,1,9.04,9.04,10
1BevNL35Qvd8LvNYJRv27qqFtunwafJla,MAKRO DISTRIBUCION MAYORISTA S.A.,2026-08-11,QSO EMMENTAL 250G PRESIDENT (F,comida,,President,unidad,250g,2,5.11,10.22,4
1BevNL35Qvd8LvNYJRv27qqFtunwafJla,MAKRO DISTRIBUCION MAYORISTA S.A.,2026-08-11,QSO BURRATA 125GX8 MC (I),comida,,Makro Chef,unidad,8x125g,1,14.1,14.1,4
1BevNL35Qvd8LvNYJRv27qqFtunwafJla,MAKRO DISTRIBUCION MAYORISTA S.A.,2026-08-11,QSO HAVARTI LONCH ARLA 1KG (D),comida,,Arla,kg,1kg,1,16.19,16.19,4
1BevNL35Qvd8LvNYJRv27qqFtunwafJla,MAKRO DISTRIBUCION MAYORISTA S.A.,2026-08-11,QSO CHEDDAR LONCH ROJO MC 1KG,comida,,Makro Chef,kg,1kg,1,7.95,7.95,4
1BevNL35Qvd8LvNYJRv27qqFtunwafJla,MAKRO DISTRIBUCION MAYORISTA S.A.,2026-08-11,HUMMUS MC TA 900 GR,comida,,Makro Chef,unidad,900g,1,3.45,3.45,10
1BevNL35Qvd8LvNYJRv27qqFtunwafJla,MAKRO DISTRIBUCION MAYORISTA S.A.,2026-08-11,MANZ FU+GO+RO MC C-65/75 BL2,comida,,Makro Chef,bolsa,,5,5.15,25.75,4
1BevNL35Qvd8LvNYJRv27qqFtunwafJla,MAKRO DISTRIBUCION MAYORISTA S.A.,2026-08-11,BANANA MAD-2/3 CJ 4KG,comida,,,caja,4kg,2,7.49,14.98,4
1BevNL35Qvd8LvNYJRv27qqFtunwafJla,MAKRO DISTRIBUCION MAYORISTA S.A.,2026-08-11,APIO DEL TERRENO BL 500 GR,comida,,,bolsa,500g,1,1.35,1.35,4
1BevNL35Qvd8LvNYJRv27qqFtunwafJla,MAKRO DISTRIBUCION MAYORISTA S.A.,2026-08-11,GERMINADOS RABANITOS ROSAS 90G,comida,,,unidad,90g,2,2.39,4.78,4
1BevNL35Qvd8LvNYJRv27qqFtunwafJla,MAKRO DISTRIBUCION MAYORISTA S.A.,2026-08-11,CHERRY ATIGRADO MC C-M TA 500G,comida,,Makro Chef,unidad,500g,1,3.15,3.15,4
1BevNL35Qvd8LvNYJRv27qqFtunwafJla,MAKRO DISTRIBUCION MAYORISTA S.A.,2026-08-11,GUACAMOLE SUAVE MC TA 1 KG,comida,,Makro Chef,kg,1kg,1,6.79,6.79,10
1BevNL35Qvd8LvNYJRv27qqFtunwafJla,MAKRO DISTRIBUCION MAYORISTA S.A.,2026-08-11,PEPINIL.SANDW.HAINICH FR.290GN,comida,,Hainich,unidad,290g,2,3.69,7.38,10
1BevNL35Qvd8LvNYJRv27qqFtunwafJla,MAKRO DISTRIBUCION MAYORISTA S.A.,2026-08-11,ACT.RELL.ANCHOA MC LT.600GNE,comida,,Makro Chef,lata,600g,2,3.89,7.78,10
1BevNL35Qvd8LvNYJRv27qqFtunwafJla,MAKRO DISTRIBUCION MAYORISTA S.A.,2026-08-11,SSA TARTARA TUSCE 1KG,comida,,Tusce,kg,1kg,1,7.45,7.45,10
1BevNL35Qvd8LvNYJRv27qqFtunwafJla,MAKRO DISTRIBUCION MAYORISTA S.A.,2026-08-11,"MAYONESA YBARRA 1,8L",comida,,Ybarra,unidad,"1,8L",1,8.49,8.49,10
1BevNL35Qvd8LvNYJRv27qqFtunwafJla,MAKRO DISTRIBUCION MAYORISTA S.A.,2026-08-11,PATATAS FRITAS MADRILEÑA 1KG,comida,,La Madrileña,kg,1kg,2,5.43,10.86,10
1BevNL35Qvd8LvNYJRv27qqFtunwafJla,MAKRO DISTRIBUCION MAYORISTA S.A.,2026-08-11,AQUARIUS LT 33CL NARANJA,bebida,refresco,Aquarius,caja,24x33cl,3,15.59,46.77,21
1BevNL35Qvd8LvNYJRv27qqFtunwafJla,MAKRO DISTRIBUCION MAYORISTA S.A.,2026-08-11,AQUARIUS LT 33CL LIMON,bebida,refresco,Aquarius,caja,24x33cl,4,15.59,62.36,21
1BevNL35Qvd8LvNYJRv27qqFtunwafJla,MAKRO DISTRIBUCION MAYORISTA S.A.,2026-08-11,AGUA ARO PET 50CL FN,bebida,agua,Aro,caja,24x50cl,8,3.59,28.72,10
1BevNL35Qvd8LvNYJRv27qqFtunwafJla,MAKRO DISTRIBUCION MAYORISTA S.A.,2026-08-11,BOLSA CAM REC 65X70 3UG200,otros_consumo,,,bolsa,,1,0.89,0.89,21
1zcqS6IM6DKQHd58M99HX6Pw4CxKB-PAf,Melgarejo Distribuidores de Bebidas S.L.,2026-09-09,BARRIL CRUZCAMPO 50L,bebida,cerveza,Cruzcampo,barril,50L,300,-1.0,-300.0,21
1zcqS6IM6DKQHd58M99HX6Pw4CxKB-PAf,Melgarejo Distribuidores de Bebidas S.L.,2026-09-09,CRUZCAMPO SIN GLUTEN 33cl. 12 UDS,bebida,cerveza,Cruzcampo,botellin,12x33cl,13,-0.5,-6.5,21
1zcqS6IM6DKQHd58M99HX6Pw4CxKB-PAf,Melgarejo Distribuidores de Bebidas S.L.,2026-09-09,C.C RADLER 33cl 24 UDS,bebida,cerveza,Cruzcampo,botellin,24x33cl,3,-1.0,-3.0,21
1zcqS6IM6DKQHd58M99HX6Pw4CxKB-PAf,Melgarejo Distribuidores de Bebidas S.L.,2026-09-09,1/3 CRUZCAMPO PILSEN RET,bebida,cerveza,Cruzcampo,botellin,33cl,92,-1.0,-92.0,21
18YfIA8g059uh2ew2Ap5hKtrJziwSpbAj,Melgarejo Distribuidores de Bebidas SL,2026-08-11,BTLLA BARCELO AÑEJO RON 70cl,bebida,alcohol,Barceló,botella,70cl,2,12.36,24.72,21
18YfIA8g059uh2ew2Ap5hKtrJziwSpbAj,Melgarejo Distribuidores de Bebidas SL,2026-08-11,BTLLA RON HAVANA ORIGEN 70CL,bebida,alcohol,Havana Club,botella,70cl,-2,12.36,-24.72,21
1pKNKyc2mp6CS3h9b1_XbPD0wqkZgemLU,"Miguel Merino Distribuciones, S.L.",2026-08-25,"MACALLAN 18 AÑOS DOUBLE CASK 0,7L(6U)",bebida,alcohol,Macallan,botella,70cl,1,266.41,266.41,21
1xMeUK9eUSbMilD10luFR4H5aaLozisf_,Monbake Grupo Empresarial S.A.U.,2026-08-31,MINICHAPATA RUSTICA BERLYS 65 UD,comida,,Berlys,caja,65 uds,2,26.105,52.21,4
1xMeUK9eUSbMilD10luFR4H5aaLozisf_,Monbake Grupo Empresarial S.A.U.,2026-08-31,PAN DE MOLDE 10UDS,comida,,Berlys,unidad,10 uds,10,2.698,26.98,4
1xMeUK9eUSbMilD10luFR4H5aaLozisf_,Monbake Grupo Empresarial S.A.U.,2026-08-31,REBANADAS DE PAN PAYES 5UDS,comida,,Berlys,caja,5 uds,1,41.11,41.11,4
1xMeUK9eUSbMilD10luFR4H5aaLozisf_,Monbake Grupo Empresarial S.A.U.,2026-08-31,PAN DE MOLDE 10UDS,comida,,Berlys,unidad,10 uds,10,2.698,26.98,4
1JsObWyvpJMFVsY_8oPXx7eC4EDJngvcK,Picking Gades SL,2026-08-14,Steak tartar ultracongelado 135 gr. (12 und/caja),comida,,,caja,12x135g,3,57.2658,171.8,10
1Pj92fl0rq-90pupKnPPGbNr_jyxDkQSn,Miguel Merino Distribuciones SL,2026-08-18,RED BULL ENERGY DRINK (24U),bebida,refresco,Red Bull,caja,24 uds,10,29.3,292.96,21
